-0.13064585626125336 -0.002885023131966591 -0.02546735107898712 -0.13315477967262268 -0.1534736156463623 -0.10164499282836914 -0.002979496493935585 -0.13815511763095856 0.12213733047246933 -0.1618819683790207 0.18525809049606323 -0.1380627602338791 -0.1841883659362793 -0.057095013558864594 -0.08106861263513565 0.21028205752372742 -0.1902664303779602 -0.144130140542984 -0.07746529579162598 -4.827231168746948e-05 0.09365928173065186 -0.01778290420770645 -0.009034041315317154 0.055062711238861084 -0.04928557574748993 -0.31621479988098145 -0.11610867083072662 -0.039390742778778076 -0.016450311988592148 -0.03602065145969391 0.02464950829744339 0.028756916522979736 -0.2091967761516571 -0.07340382039546967 0.06211435794830322 0.07729236781597137 0.006126388907432556 -0.11773112416267395 0.16363456845283508 -0.004227732308208942 -0.2651289105415344 -0.029738329350948334 0.143861785531044 0.1817198246717453 0.15897992253303528 0.04969417303800583 -0.029845237731933594 -0.1596759706735611 0.16559594869613647 -0.1669313609600067 -0.05359677970409393 0.07593371719121933 0.032216764986515045 0.011942274868488312 0.007735442370176315 -0.08134477585554123 0.07277097553014755 0.17384463548660278 -0.18461626768112183 -0.015454836189746857 0.11993826925754547 -0.0939129889011383 -0.07248988747596741 -0.1328754872083664 0.2410622239112854 0.0902586355805397 -0.1329311728477478 -0.19340427219867706 0.1773076355457306 -0.15914535522460938 -0.08617131412029266 0.030019395053386688 -0.1089772954583168 -0.15910309553146362 -0.26003509759902954 -0.04235999286174774 0.39619511365890503 0.1047569215297699 -0.11954290419816971 0.03500467166304588 -0.04263140633702278 0.03471982479095459 0.13608109951019287 0.14286670088768005 0.008597658947110176 0.021022170782089233 -0.06971427798271179 -0.046843864023685455 0.23442353308200836 -0.058228909969329834 -0.004044912755489349 0.19159828126430511 -0.038743555545806885 0.05161431431770325 0.009789600968360901 -0.011011838912963867 -0.11860981583595276 0.04516133666038513 -0.14452461898326874 -0.017621926963329315 0.026977941393852234 -0.04550006985664368 0.026111066341400146 0.11028344184160233 -0.10384474694728851 0.06767059862613678 -0.04486396536231041 0.01815013587474823 -0.008224621415138245 -0.02174704521894455 -0.07211194932460785 -0.060193322598934174 0.06344161927700043 -0.17940975725650787 0.18811853229999542 0.15261055529117584 0.05241299420595169 0.10430004447698593 0.1438310742378235 0.09222623705863953 0.002146206796169281 0.008338265120983124 -0.21288365125656128 -0.03783362731337547 0.09757513552904129 -0.02229498326778412 0.11844322085380554 -0.04211021587252617 Linda
-0.06677700579166412 0.01634255051612854 0.011404335498809814 -0.10158538073301315 -0.13038469851016998 -0.09957575052976608 -0.04238889738917351 -0.1432497203350067 0.08989066630601883 -0.12918932735919952 0.20511534810066223 -0.13173161447048187 -0.21503251791000366 -0.08334324508905411 -0.07943642139434814 0.21730385720729828 -0.17002198100090027 -0.1590147316455841 -0.038127921521663666 -0.041842296719551086 0.03065745159983635 0.003358311951160431 0.035442054271698 0.07771702110767365 -0.07370761781930923 -0.3249064087867737 -0.13526903092861176 -0.05458813160657883 -0.018747694790363312 -0.019231323152780533 -0.05724021792411804 0.07177969813346863 -0.17666463553905487 -0.03627767786383629 0.08602480590343475 0.09134168922901154 -0.0346950925886631 -0.11532513797283173 0.14779651165008545 -0.04290519654750824 -0.23985572159290314 0.0035332590341567993 0.1422339230775833 0.21636037528514862 0.2231011539697647 0.07242543995380402 0.0185294970870018 -0.14480096101760864 0.10941702127456665 -0.1325913369655609 0.003365112468600273 0.1063992828130722 0.04732894152402878 -0.016626914963126183 0.011944703757762909 -0.14410677552223206 0.04215088486671448 0.1601458191871643 -0.16357725858688354 -0.038761451840400696 0.09480368345975876 -0.127650648355484 -0.04352542757987976 -0.10401329398155212 0.2274070382118225 0.07011215388774872 -0.13212940096855164 -0.1915663778781891 0.16337183117866516 -0.22036097943782806 -0.0562407523393631 0.03882311284542084 -0.1396511048078537 -0.1857185810804367 -0.31569328904151917 -0.03365549445152283 0.32807183265686035 0.13596183061599731 -0.1090380996465683 0.11122246086597443 0.03577377274632454 0.07634195685386658 0.14734844863414764 0.16015686094760895 -0.04383121430873871 0.03011329099535942 -0.1555611789226532 -0.0391358807682991 0.20459496974945068 -0.0894460380077362 -0.022603865712881088 0.15736287832260132 -0.05894125998020172 0.03173750266432762 0.04562044516205788 0.013802796602249146 -0.11901163309812546 0.040023185312747955 -0.1547951102256775 0.007258154451847076 0.012231618165969849 -0.03433457016944885 -0.008218780159950256 0.089347705245018 -0.09799227118492126 0.04476425051689148 -0.06852252781391144 -0.0051275938749313354 -0.07518254965543747 -0.08173263072967529 -0.07136081159114838 -0.05188403278589249 0.08610919862985611 -0.22211027145385742 0.1463642716407776 0.15840274095535278 0.05536232888698578 0.16106581687927246 0.16130025684833527 0.08297771960496902 -0.022838003933429718 -0.04916371405124664 -0.20994970202445984 -0.03180837258696556 0.10537061840295792 -0.03187623620033264 0.1778782457113266 -0.006827395409345627 Linda
-0.1538890153169632 -0.007456878200173378 -0.0038779377937316895 -0.10900510102510452 -0.14027488231658936 -0.13932281732559204 -0.019227061420679092 -0.1435857117176056 0.11570937931537628 -0.14473681151866913 0.16200020909309387 -0.12924425303936005 -0.15759865939617157 -0.05552727356553078 -0.10402534902095795 0.21097029745578766 -0.20158864557743073 -0.1511472761631012 -0.07416712492704391 -0.004456326365470886 0.10786965489387512 -0.011982742697000504 -0.010555136948823929 0.06085772067308426 -0.05391548573970795 -0.3395013213157654 -0.09287933260202408 -0.044895678758621216 -0.024504080414772034 0.009063094854354858 -0.018589548766613007 0.05771690607070923 -0.2238994687795639 -0.09139490127563477 0.08524264395236969 0.10453641414642334 0.015581948682665825 -0.12847408652305603 0.14593175053596497 -0.015682745724916458 -0.2644259035587311 -0.012473024427890778 0.15921556949615479 0.19027072191238403 0.18559670448303223 0.023930378258228302 0.002829328179359436 -0.14043477177619934 0.15356817841529846 -0.16956812143325806 -0.05486169457435608 0.08191430568695068 0.054925866425037384 0.0282161682844162 0.01768007129430771 -0.11213520169258118 0.07717537134885788 0.17181691527366638 -0.16909688711166382 -0.00804080255329609 0.13716912269592285 -0.12281367182731628 -0.04875858128070831 -0.12407079339027405 0.2409200221300125 0.09545287489891052 -0.13336420059204102 -0.19730141758918762 0.15661019086837769 -0.1620943546295166 -0.058924827724695206 0.018956497311592102 -0.12107221782207489 -0.15982042253017426 -0.2698121964931488 -0.03531332314014435 0.3650694787502289 0.12446045130491257 -0.11733447760343552 0.04279066249728203 -0.05343548581004143 0.06288256496191025 0.1328878104686737 0.14867420494556427 0.01836002618074417 0.032191503793001175 -0.0835757702589035 -0.045075736939907074 0.23434355854988098 -0.027117952704429626 -0.013615801930427551 0.18160617351531982 -0.045099563896656036 0.01143927313387394 0.0028460361063480377 -0.013543739914894104 -0.13311825692653656 0.0442756786942482 -0.13121655583381653 0.00628296285867691 -0.0021500438451766968 -0.04801689088344574 0.02334234118461609 0.11298558115959167 -0.10867828130722046 0.02884139120578766 -0.08696824312210083 0.032941728830337524 -0.029822930693626404 -0.054293952882289886 -0.05663740634918213 -0.04362080991268158 0.035115279257297516 -0.17495623230934143 0.19645695388317108 0.159528911113739 0.07109492272138596 0.13118460774421692 0.12244760245084763 0.06304076313972473 0.006467685103416443 0.007663905620574951 -0.2032041698694229 -0.032717421650886536 0.08892522752285004 -0.021890848875045776 0.12291738390922546 -0.03150257468223572 Linda
-0.13546442985534668 0.03629152849316597 0.0028284527361392975 -0.11427757889032364 -0.14257127046585083 -0.10483833402395248 -0.008711883798241615 -0.15607191622257233 0.12207658588886261 -0.13215550780296326 0.20612606406211853 -0.12140928208827972 -0.18308737874031067 -0.054757729172706604 -0.075175940990448 0.21739977598190308 -0.18232733011245728 -0.13006210327148438 -0.07179871946573257 0.016043923795223236 0.10851578414440155 0.0014247409999370575 0.0055816881358623505 0.06901495158672333 -0.05106589198112488 -0.3352779448032379 -0.09771178662776947 -0.0430607944726944 -0.02335815317928791 -0.03963842615485191 0.018619179725646973 0.031365662813186646 -0.21725469827651978 -0.07844632863998413 0.06410589814186096 0.07551077008247375 -0.018053129315376282 -0.1352626383304596 0.15156391263008118 -0.017898185178637505 -0.2754209339618683 -0.010469608008861542 0.15129220485687256 0.16595755517482758 0.1720692217350006 0.0343497171998024 -0.0006376206874847412 -0.17307522892951965 0.15901674330234528 -0.15264105796813965 -0.056493960320949554 0.061938196420669556 0.021759331226348877 0.03504035249352455 0.025273703038692474 -0.0846889317035675 0.03628626465797424 0.18666663765907288 -0.1574319452047348 -0.019603796303272247 0.12757493555545807 -0.08135838806629181 -0.048431169241666794 -0.16374744474887848 0.21413803100585938 0.08304369449615479 -0.12436077743768692 -0.16411343216896057 0.18942175805568695 -0.1422467827796936 -0.10488444566726685 0.037419602274894714 -0.1118614673614502 -0.16947506368160248 -0.25111764669418335 -0.028919503092765808 0.3732662796974182 0.11860005557537079 -0.11527250707149506 -0.00024679675698280334 -0.022111816331744194 0.05072042718529701 0.11302768439054489 0.13812467455863953 0.03504067659378052 -0.0010177697986364365 -0.04460902512073517 -0.037022508680820465 0.2541680932044983 -0.03285089135169983 0.006231732666492462 0.20064827799797058 -0.038247644901275635 0.045050181448459625 -0.00905579887330532 -0.007958382368087769 -0.10848066210746765 0.05939874053001404 -0.16425320506095886 0.0005979612469673157 -0.023992396891117096 -0.02550715208053589 0.02514684945344925 0.12271063774824142 -0.10056963562965393 0.0598137229681015 -0.03190398961305618 0.020854242146015167 -0.011347949504852295 0.0011705905199050903 -0.0597749799489975 -0.04195040464401245 0.04464109614491463 -0.1662709265947342 0.2204492837190628 0.15127453207969666 0.07234872877597809 0.09540601819753647 0.11193862557411194 0.08679382503032684 0.008997716009616852 -0.017374761402606964 -0.22130411863327026 -0.04543492570519447 0.1201830580830574 -0.02362123876810074 0.10249616950750351 -0.04419945180416107 Linda
-0.15251177549362183 0.017941489815711975 -0.0021115317940711975 -0.11435368657112122 -0.13871453702449799 -0.09936274588108063 -0.009869925677776337 -0.12272027134895325 0.12056814879179001 -0.11940067261457443 0.20063237845897675 -0.1352294385433197 -0.18943288922309875 -0.07429927587509155 -0.10814933478832245 0.21616679430007935 -0.16382043063640594 -0.10763094574213028 -0.038265496492385864 -0.02938065677881241 0.1144568920135498 0.01158842071890831 0.00015744566917419434 0.08439554274082184 -0.09951560199260712 -0.30238819122314453 -0.0748269334435463 -0.05561824142932892 -0.04847384989261627 0.005327336490154266 -0.033261559903621674 0.06393162906169891 -0.20515504479408264 -0.07112866640090942 0.10622245818376541 0.1297665238380432 0.014129336923360825 -0.12292815744876862 0.11708991229534149 -0.01544836163520813 -0.24650555849075317 -0.05464088171720505 0.16100789606571198 0.19011971354484558 0.14848098158836365 0.02024434506893158 -0.017037250101566315 -0.15047049522399902 0.14784154295921326 -0.20002181828022003 -0.03878634795546532 0.09929589927196503 0.011286579072475433 0.03280286490917206 -0.007710404694080353 -0.11610868573188782 0.1158144474029541 0.1578892022371292 -0.18048416078090668 -0.03809535875916481 0.11804226785898209 -0.12482199817895889 -0.08592181652784348 -0.09801505506038666 0.23577728867530823 0.12010939419269562 -0.14738410711288452 -0.19393616914749146 0.14025594294071198 -0.15992677211761475 -0.06299380958080292 0.03548910841345787 -0.12728603184223175 -0.17854173481464386 -0.27232223749160767 0.005002237856388092 0.3905997574329376 0.12906435132026672 -0.13491661846637726 0.05764496326446533 -0.04406237602233887 0.07515881955623627 0.1422174870967865 0.16097238659858704 0.01075984537601471 0.026506934314966202 -0.09154017269611359 -0.03407477214932442 0.22081004083156586 -0.0673414021730423 -0.0008589550852775574 0.20084066689014435 -0.033094968646764755 0.029490243643522263 0.025643208995461464 0.024040520191192627 -0.13195548951625824 0.04808981716632843 -0.1137092337012291 0.004790380597114563 0.06493356823921204 -0.07322931289672852 0.012504912912845612 0.11591240763664246 -0.1747095137834549 0.06536050885915756 -0.06589650362730026 -0.011912211775779724 0.01314188539981842 -0.08651574701070786 -0.045155614614486694 -0.03786661848425865 0.05541643127799034 -0.17934390902519226 0.2137000858783722 0.15278507769107819 0.08743075281381607 0.1611499786376953 0.13852590322494507 0.07729735970497131 0.022878102958202362 -0.015507787466049194 -0.1704881191253662 -0.04991014301776886 0.09370970726013184 -0.06420337408781052 0.08776522427797318 -0.06301242113113403 Linda
-0.13728898763656616 0.0040962547063827515 -0.008955314755439758 -0.0920487493276596 -0.14536964893341064 -0.09172999858856201 0.011432727798819542 -0.09963405132293701 0.13829079270362854 -0.08857124298810959 0.19295750558376312 -0.10976080596446991 -0.19269371032714844 -0.03442048653960228 -0.06720863282680511 0.2096327543258667 -0.1380765587091446 -0.11135240644216537 -0.05450981855392456 -0.0010226741433143616 0.12450768053531647 -0.0012654736638069153 -0.005076996982097626 0.10940169543027878 -0.08782196044921875 -0.3026958405971527 -0.10122185945510864 -0.0577019527554512 -0.023178424686193466 -0.008112043142318726 -0.0426490381360054 0.06300662457942963 -0.23307819664478302 -0.09400574862957001 0.080599844455719 0.10029246658086777 -0.008704759180545807 -0.1346539855003357 0.12073070555925369 -0.014941454865038395 -0.27407965064048767 -0.051730889827013016 0.1600726693868637 0.18354065716266632 0.14752699434757233 0.0391429141163826 -0.004681050777435303 -0.1412917822599411 0.11971273273229599 -0.19084510207176208 -0.01186840608716011 0.09036321938037872 0.015546724200248718 0.05988495051860809 -0.011085934937000275 -0.12449991703033447 0.11884338408708572 0.13217273354530334 -0.19100317358970642 -0.026965297758579254 0.1145549938082695 -0.1176491305232048 -0.07518520206212997 -0.11575022339820862 0.24878403544425964 0.12852028012275696 -0.12094703316688538 -0.20414775609970093 0.1281944215297699 -0.1727587878704071 -0.08921737223863602 0.04544069990515709 -0.14025624096393585 -0.17236614227294922 -0.312472939491272 -0.002470850944519043 0.37855830788612366 0.11518610268831253 -0.14233273267745972 0.08477944135665894 -0.028937816619873047 0.06388727575540543 0.14406999945640564 0.16945162415504456 0.026236824691295624 0.04757184535264969 -0.0960170105099678 -0.021755773574113846 0.2381162941455841 -0.07318766415119171 -0.0008489564061164856 0.18912705779075623 -0.030825432389974594 0.02047492004930973 0.03584042191505432 0.05871176719665527 -0.10998867452144623 0.02919866144657135 -0.13282057642936707 0.0005845874547958374 0.06734415888786316 -0.027939096093177795 -0.004758156836032867 0.10795430839061737 -0.16503749787807465 0.0758824422955513 -0.04459983482956886 -0.009165197610855103 -0.006815068423748016 -0.09101862460374832 -0.07315602898597717 -0.03544694557785988 0.05147459730505943 -0.17995640635490417 0.2346424162387848 0.1294769048690796 0.057172149419784546 0.12639454007148743 0.11624040454626083 0.08683685958385468 -0.005287617444992065 -0.017957955598831177 -0.1988116204738617 -0.037448376417160034 0.13377629220485687 -0.05516672879457474 0.0994875580072403 -0.04297364130616188 Linda
-0.14203451573848724 0.013137049973011017 -0.015413329005241394 -0.10206300020217896 -0.1376827508211136 -0.09780080616474152 0.002298278734087944 -0.10761792957782745 0.12211324274539948 -0.09630978852510452 0.19337749481201172 -0.12547332048416138 -0.17584680020809174 -0.06902119517326355 -0.10323032736778259 0.21933820843696594 -0.18366208672523499 -0.10986354947090149 -0.03805708885192871 -0.007266327738761902 0.11628128588199615 -0.014331087470054626 0.0005207881331443787 0.08412183821201324 -0.08365718275308609 -0.3032747805118561 -0.10170609503984451 -0.06832438707351685 -0.027148745954036713 -0.003334261476993561 -0.015614662319421768 0.05451241135597229 -0.2061464786529541 -0.06562083959579468 0.08920569717884064 0.09529490768909454 0.004201317206025124 -0.13649886846542358 0.12615996599197388 -0.008656357415020466 -0.25332608819007874 -0.07692023366689682 0.16888196766376495 0.18908493220806122 0.15877500176429749 0.03276066482067108 -0.009397044777870178 -0.116511270403862 0.1434982270002365 -0.1867375522851944 -0.0378681942820549 0.08930689096450806 0.030763521790504456 0.049029093235731125 -0.01871325820684433 -0.10526886582374573 0.11063672602176666 0.15878766775131226 -0.18154780566692352 -0.03768827021121979 0.11547555029392242 -0.118657685816288 -0.0870431661605835 -0.0929400622844696 0.24079585075378418 0.12963302433490753 -0.14472216367721558 -0.19926846027374268 0.1463180035352707 -0.1690433919429779 -0.06715231388807297 0.02933526039123535 -0.13178694248199463 -0.17024800181388855 -0.27201390266418457 -0.00749659538269043 0.37908777594566345 0.11034870147705078 -0.107387974858284 0.04685824364423752 -0.03679882735013962 0.06750641763210297 0.12383829802274704 0.16541528701782227 0.0037644989788532257 0.03194280341267586 -0.09346000850200653 -0.04441635310649872 0.22464781999588013 -0.07847127318382263 0.0076560527086257935 0.1836930811405182 -0.04833183437585831 0.016671929508447647 0.006865084171295166 0.023281961679458618 -0.10654778778553009 0.060180261731147766 -0.1002805233001709 0.01395455002784729 0.054183244705200195 -0.06327451765537262 0.004678122699260712 0.10186704248189926 -0.1559719741344452 0.050141386687755585 -0.05088036507368088 0.001879137009382248 -0.0021319538354873657 -0.08934353291988373 -0.06665127724409103 -0.041203685104846954 0.0544014573097229 -0.17085784673690796 0.21537089347839355 0.15049874782562256 0.06871593743562698 0.1338474303483963 0.12990841269493103 0.08785548806190491 0.01436084508895874 -0.026541389524936676 -0.18042227625846863 -0.039361774921417236 0.0997699499130249 -0.05720674246549606 0.07393643260002136 -0.06633065640926361 Linda
-0.12120233476161957 0.020830102264881134 -0.024768635630607605 -0.12515398859977722 -0.15835490822792053 -0.09853111207485199 0.005091870203614235 -0.13300752639770508 0.12839257717132568 -0.1341516375541687 0.18192201852798462 -0.13120445609092712 -0.18702499568462372 -0.054049521684646606 -0.06571286171674728 0.19986650347709656 -0.18811112642288208 -0.14517754316329956 -0.0814702957868576 0.01307591050863266 0.11200393736362457 -0.018248368054628372 -0.013475209474563599 0.06000151485204697 -0.04745176434516907 -0.32553258538246155 -0.10480783134698868 -0.036208800971508026 -1.7228536307811737e-05 -0.02808871492743492 0.04352083057165146 0.0381847620010376 -0.21976083517074585 -0.07717227935791016 0.058845408260822296 0.06459075212478638 -0.035180579870939255 -0.11110188066959381 0.15494877099990845 -0.01336638443171978 -0.2684362232685089 -0.05271998047828674 0.14062708616256714 0.16509422659873962 0.15967899560928345 0.04711085185408592 0.0008609592914581299 -0.15831993520259857 0.14557279646396637 -0.17128077149391174 -0.04819648712873459 0.07922708988189697 0.028018802404403687 0.043469686061143875 0.025843732059001923 -0.08477695286273956 0.045695267617702484 0.17413729429244995 -0.1490587294101715 -0.008099731057882309 0.12931734323501587 -0.08288660645484924 -0.0635414645075798 -0.1485762894153595 0.23851238191127777 0.07004524767398834 -0.12960892915725708 -0.1678115278482437 0.19467756152153015 -0.14448386430740356 -0.10358242690563202 0.032665953040122986 -0.09129271656274796 -0.1544317603111267 -0.25629478693008423 -0.034040890634059906 0.4082832932472229 0.10417229682207108 -0.10768749564886093 0.009470678865909576 -0.04033193364739418 0.03644265979528427 0.12026485055685043 0.1276598423719406 -0.0033616535365581512 0.019636958837509155 -0.06018621474504471 -0.029606647789478302 0.2404996156692505 -0.05584233999252319 0.009483929723501205 0.1910332590341568 -0.028412019833922386 0.06369438767433167 0.0027278251945972443 -0.012787282466888428 -0.09663130342960358 0.052195727825164795 -0.1572418361902237 -0.003458268940448761 0.007666267454624176 -0.03771045058965683 0.027523305267095566 0.11297023296356201 -0.07201512157917023 0.06980323046445847 -0.0176934152841568 0.02840929850935936 -0.020961329340934753 0.0006845742464065552 -0.08882154524326324 -0.06313908100128174 0.05116862803697586 -0.16359394788742065 0.1937422752380371 0.1363484263420105 0.06264438480138779 0.09325873106718063 0.13807062804698944 0.09516432136297226 0.010036811232566833 -0.0217643603682518 -0.21049338579177856 -0.03138311579823494 0.11353512108325958 -0.007625594735145569 0.08854732662439346 -0.03742559254169464 Linda
-0.1168363019824028 0.014783360064029694 -0.00953064113855362 -0.09582510590553284 -0.16671150922775269 -0.0807584747672081 -0.0038535380735993385 -0.12205878645181656 0.12410931289196014 -0.14146961271762848 0.20025619864463806 -0.13979466259479523 -0.19296637177467346 -0.026718974113464355 -0.09936819225549698 0.21085168421268463 -0.20806127786636353 -0.11731793731451035 -0.060023173689842224 -0.026032917201519012 0.11083538830280304 0.003971222788095474 0.010710131376981735 0.07013354450464249 -0.09533262252807617 -0.3158474564552307 -0.09326636791229248 -0.08261033892631531 -0.03290113806724548 -0.012733682990074158 -0.0379197932779789 0.04933314025402069 -0.21611067652702332 -0.08903244137763977 0.07146292179822922 0.06525605916976929 0.0013591386377811432 -0.13929253816604614 0.12391075491905212 -0.027599547058343887 -0.24943536520004272 -0.037480905652046204 0.15327772498130798 0.1909521222114563 0.15443408489227295 0.02918742597103119 -0.025375038385391235 -0.1328500509262085 0.1486579179763794 -0.19003993272781372 -0.014050718396902084 0.07641661912202835 0.038061030209064484 0.0535876527428627 -0.01896873489022255 -0.12165960669517517 0.11049719899892807 0.1582666039466858 -0.17162847518920898 -0.018287044018507004 0.12183867394924164 -0.13338886201381683 -0.049255285412073135 -0.09317291527986526 0.24919384717941284 0.10957841575145721 -0.11197112500667572 -0.19296666979789734 0.12181589752435684 -0.14761850237846375 -0.061929620802402496 0.028037939220666885 -0.15482282638549805 -0.17035719752311707 -0.2853701114654541 -0.01413312554359436 0.3817540407180786 0.10373874753713608 -0.11321030557155609 0.047026194632053375 -0.03860066086053848 0.07396772503852844 0.1363646537065506 0.16636885702610016 0.01765458472073078 0.01788538694381714 -0.09667343646287918 -0.005997609347105026 0.22055810689926147 -0.10274064540863037 -0.03229492902755737 0.20234315097332 -0.053225599229335785 0.004349321126937866 0.038075581192970276 0.026519253849983215 -0.1289430558681488 0.04283218830823898 -0.10292237997055054 0.01700764149427414 0.06163974106311798 -0.05989451706409454 -0.019172437489032745 0.10649386048316956 -0.15044163167476654 0.042176373302936554 -0.08062822371721268 0.0031214505434036255 -0.0002613663673400879 -0.10612735152244568 -0.05400761961936951 -0.04968320205807686 0.06907597184181213 -0.18082603812217712 0.20690490305423737 0.1538977026939392 0.062251411378383636 0.1605149805545807 0.09533054381608963 0.06754806637763977 -0.005867131054401398 -0.0007688179612159729 -0.20833511650562286 -0.03158530592918396 0.12614348530769348 -0.03134198486804962 0.09387986361980438 -0.04784851148724556 Linda
-0.05495436489582062 0.04432271420955658 -0.01667478308081627 -0.10196459293365479 -0.14424672722816467 -0.08402524888515472 -0.029451891779899597 -0.12849605083465576 0.08376652747392654 -0.13492676615715027 0.1797628402709961 -0.14412939548492432 -0.2261877804994583 -0.06906548142433167 -0.08323720842599869 0.22315984964370728 -0.17665037512779236 -0.16695357859134674 -0.0278900358825922 -0.03759128600358963 0.07435780018568039 0.02447018213570118 0.0003863386809825897 0.10021068900823593 -0.06108453869819641 -0.29837772250175476 -0.10683499276638031 -0.048702359199523926 -0.004970269277691841 -0.038119908422231674 -0.0446736142039299 0.07861065864562988 -0.17279937863349915 -0.028664294630289078 0.0849093347787857 0.09111122786998749 -0.010346673429012299 -0.10863291472196579 0.14825066924095154 -0.014684522524476051 -0.2368840128183365 0.00542663037776947 0.1405961513519287 0.22059187293052673 0.19876645505428314 0.06932353973388672 0.005890011787414551 -0.1653023660182953 0.11589083820581436 -0.14806456863880157 -0.009044619277119637 0.10920071601867676 0.037054069340229034 0.004355289041996002 -0.007885418832302094 -0.15664516389369965 0.052323222160339355 0.1619543731212616 -0.18437115848064423 -0.02114126831293106 0.10327915847301483 -0.13615743815898895 -0.03684616833925247 -0.1171359121799469 0.23594151437282562 0.04817642271518707 -0.12266504764556885 -0.19120271503925323 0.16290627419948578 -0.22393113374710083 -0.0896608829498291 0.051056474447250366 -0.11669431626796722 -0.1609339714050293 -0.3052021265029907 -0.024535834789276123 0.3457927107810974 0.16371643543243408 -0.10099121183156967 0.11243285983800888 0.037377409636974335 0.06330942362546921 0.16045626997947693 0.1712975800037384 -0.035685840994119644 0.013318195939064026 -0.1328071802854538 -0.0245808232575655 0.2017223834991455 -0.0681801587343216 -0.015743106603622437 0.17395731806755066 -0.04502580314874649 0.059777453541755676 0.03353716805577278 -0.0020187944173812866 -0.11394250392913818 0.04084126651287079 -0.13428834080696106 -0.005719214677810669 -0.010529778897762299 -0.04293717443943024 0.0067113712430000305 0.11100108176469803 -0.1012524962425232 0.045234329998493195 -0.07706592231988907 -0.005079541355371475 -0.06980402767658234 -0.05715984106063843 -0.06051428243517876 -0.039511676877737045 0.08118566870689392 -0.22153010964393616 0.14847463369369507 0.15529488027095795 0.06951843947172165 0.14131927490234375 0.1544855833053589 0.09704653173685074 -0.011670351028442383 -0.07145672291517258 -0.23259545862674713 -0.019646991044282913 0.12860968708992004 -0.04624917358160019 0.16703951358795166 -0.01454850658774376 Linda
-0.048988863825798035 0.033743008971214294 -0.015386641025543213 -0.1043345034122467 -0.1424151360988617 -0.09183329343795776 -0.03565983474254608 -0.12251387536525726 0.07469132542610168 -0.14132842421531677 0.18505483865737915 -0.13772612810134888 -0.2324368804693222 -0.07472842186689377 -0.08448274433612823 0.22870869934558868 -0.1781994104385376 -0.16928045451641083 -0.03931327164173126 -0.04758177697658539 0.06720711290836334 0.01945314183831215 0.008848641067743301 0.09856901317834854 -0.06873443722724915 -0.29367369413375854 -0.10287635028362274 -0.04412338137626648 -0.010353087447583675 -0.047900985926389694 -0.04704933241009712 0.07265952229499817 -0.1826610118150711 -0.02949656918644905 0.08299600332975388 0.08864080905914307 -0.004087820649147034 -0.11105874925851822 0.1498243808746338 -0.02002726122736931 -0.2413201630115509 0.007203921675682068 0.14191587269306183 0.21659931540489197 0.2032865583896637 0.061275385320186615 -0.0015469416975975037 -0.16488657891750336 0.11267631500959396 -0.1557782143354416 0.002537935972213745 0.10950752347707748 0.04348933696746826 -0.0023718364536762238 -0.006039269268512726 -0.14930689334869385 0.05712532997131348 0.17387141287326813 -0.18399646878242493 -0.029943063855171204 0.10287941992282867 -0.12840017676353455 -0.03377942368388176 -0.11335159838199615 0.2407427430152893 0.051068179309368134 -0.12967440485954285 -0.19076316058635712 0.15708184242248535 -0.21773990988731384 -0.07875967770814896 0.052688803523778915 -0.11671045422554016 -0.15899087488651276 -0.3152129054069519 -0.023889467120170593 0.3369963765144348 0.15212029218673706 -0.1048828512430191 0.1134566217660904 0.026016078889369965 0.06620754301548004 0.16083043813705444 0.1564178764820099 -0.04018377512693405 0.005847468972206116 -0.1340840458869934 -0.014684194698929787 0.19956998527050018 -0.06794840097427368 -0.022010285407304764 0.1674075871706009 -0.04813755303621292 0.04788805916905403 0.03928261995315552 0.0075110942125320435 -0.11858576536178589 0.039290256798267365 -0.13168543577194214 0.006604231894016266 -0.0036097466945648193 -0.046707719564437866 0.0010189414024353027 0.11171460151672363 -0.09783710539340973 0.03286197781562805 -0.07924601435661316 -0.009945571422576904 -0.05959448963403702 -0.0564284548163414 -0.07132642716169357 -0.05350421741604805 0.07604539394378662 -0.2296842634677887 0.15706798434257507 0.15532490611076355 0.06313502788543701 0.13463705778121948 0.1554117500782013 0.09619372338056564 -0.016715340316295624 -0.06968116760253906 -0.22783568501472473 -0.01663324236869812 0.1340484917163849 -0.05140022188425064 0.1761450469493866 -0.01653490960597992 Linda
-0.06213083490729332 0.028177179396152496 0.009142093360424042 -0.10264424979686737 -0.12199360877275467 -0.08685553073883057 -0.057309430092573166 -0.16102814674377441 0.09787371754646301 -0.12869223952293396 0.20957238972187042 -0.1249886006116867 -0.2286197394132614 -0.09365764260292053 -0.07363800704479218 0.22958654165267944 -0.19016945362091064 -0.16826432943344116 -0.030005929991602898 -0.03885854035615921 0.01913030445575714 0.011138364672660828 0.04557791352272034 0.08419087529182434 -0.06067313998937607 -0.3218698799610138 -0.1285814493894577 -0.07034540921449661 -0.0011788476258516312 -0.01908651366829872 -0.057935815304517746 0.06498333811759949 -0.16789697110652924 -0.03831680491566658 0.10207617282867432 0.11345922946929932 -0.04054782912135124 -0.12885135412216187 0.1592571884393692 -0.06072252243757248 -0.2196994423866272 -0.002512924373149872 0.1293194442987442 0.20901988446712494 0.21846073865890503 0.05848710238933563 0.024039804935455322 -0.15303826332092285 0.10310205817222595 -0.14009808003902435 -0.006550867110490799 0.10632418096065521 0.05537644028663635 -0.010232638567686081 -0.0008479617536067963 -0.15202116966247559 0.045098260045051575 0.17476631700992584 -0.18511444330215454 -0.03670725226402283 0.10033786296844482 -0.13390325009822845 -0.042313575744628906 -0.0917590782046318 0.2200947254896164 0.07264035195112228 -0.13931292295455933 -0.19892925024032593 0.14055299758911133 -0.22729164361953735 -0.053310029208660126 0.046423569321632385 -0.13735026121139526 -0.18804848194122314 -0.30848369002342224 -0.04677080363035202 0.33856165409088135 0.14150892198085785 -0.10799220204353333 0.09562516212463379 0.043265894055366516 0.06644295901060104 0.1361437439918518 0.1491381675004959 -0.05024547874927521 0.01407558098435402 -0.16081802546977997 -0.03393816947937012 0.1948055922985077 -0.08691238611936569 -0.0176888108253479 0.15262451767921448 -0.06155707687139511 0.041308000683784485 0.0398675762116909 0.019896015524864197 -0.10710698366165161 0.04014645516872406 -0.14569298923015594 0.003022909164428711 -0.005927860736846924 -0.029419884085655212 0.005776025354862213 0.0838179811835289 -0.0873308777809143 0.041469454765319824 -0.07305164635181427 -0.01199345663189888 -0.06703245639801025 -0.0807901993393898 -0.07399031519889832 -0.05723166838288307 0.11019972711801529 -0.22314101457595825 0.13864022493362427 0.17338426411151886 0.057423241436481476 0.1645498126745224 0.1514921486377716 0.09226205945014954 -0.030607402324676514 -0.055090442299842834 -0.2119079828262329 -0.03175348415970802 0.09695212543010712 -0.025055862963199615 0.1847326010465622 -0.01786922663450241 Linda
-0.07964933663606644 0.03614231199026108 0.015022426843643188 -0.08659537136554718 -0.12832008302211761 -0.11278033256530762 -0.016439229249954224 -0.12144550681114197 0.07483763247728348 -0.11953767389059067 0.20336487889289856 -0.09983577579259872 -0.21761251986026764 -0.08149471133947372 -0.07772208750247955 0.1963222771883011 -0.17948397994041443 -0.17197278141975403 -0.05173054337501526 -0.04921085387468338 0.02539154700934887 0.018151428550481796 0.04759932681918144 0.08075721561908722 -0.05102328956127167 -0.3261781930923462 -0.12462969124317169 -0.06247454881668091 0.006437540054321289 0.007097460329532623 -0.04501122608780861 0.047399044036865234 -0.17162932455539703 -0.036206722259521484 0.09515172243118286 0.09290236234664917 -0.03270568698644638 -0.09420853853225708 0.1910988837480545 -0.051379282027482986 -0.21568359434604645 -0.00469411164522171 0.1368016004562378 0.2431926429271698 0.19588187336921692 0.06411351263523102 0.03843066096305847 -0.13489122688770294 0.10828379541635513 -0.12893642485141754 0.021121419966220856 0.12253279238939285 0.06943309307098389 -0.007924122735857964 0.003480367362499237 -0.1475338339805603 0.0420256108045578 0.18855001032352448 -0.176283061504364 -0.020545098930597305 0.08006056398153305 -0.12813720107078552 -0.044685181230306625 -0.094362273812294 0.22685323655605316 0.04724559187889099 -0.13570386171340942 -0.2039768397808075 0.14268966019153595 -0.24479389190673828 -0.05621058866381645 0.05324167758226395 -0.1322159618139267 -0.17179574072360992 -0.3229546844959259 -0.020401298999786377 0.3210078179836273 0.14453968405723572 -0.09022103250026703 0.10038261115550995 0.027818836271762848 0.05553525313735008 0.13112232089042664 0.14620624482631683 -0.09119835495948792 0.053416941314935684 -0.18074440956115723 -0.023132968693971634 0.19528798758983612 -0.07249722629785538 -0.033298593014478683 0.15183615684509277 -0.036913707852363586 0.03389165550470352 0.04789150133728981 0.014184728264808655 -0.11357827484607697 0.019726738333702087 -0.15767432749271393 0.016621828079223633 0.005483344197273254 -0.052496641874313354 -0.011514276266098022 0.07559919357299805 -0.10936731100082397 0.021944843232631683 -0.09139341861009598 -0.017985254526138306 -0.10240244120359421 -0.08526052534580231 -0.08939025551080704 -0.06368428468704224 0.09633534401655197 -0.21185851097106934 0.1353268027305603 0.17790623009204865 0.05657418817281723 0.16836905479431152 0.1663881242275238 0.05720572546124458 -0.033917151391506195 -0.0600062757730484 -0.2002943754196167 -0.029262635856866837 0.11197328567504883 -0.023093387484550476 0.19817325472831726 -0.0070452094078063965 Linda
-0.08884146809577942 0.04227861762046814 0.004200968891382217 -0.09371413290500641 -0.15266159176826477 -0.10852103680372238 -0.05035717412829399 -0.13949833810329437 0.0793725848197937 -0.1383664309978485 0.21455366909503937 -0.11799754947423935 -0.21198807656764984 -0.053363144397735596 -0.07697130739688873 0.20953959226608276 -0.20846006274223328 -0.1557539999485016 -0.0357813686132431 -0.029667608439922333 0.024715308099985123 0.008307106792926788 0.0508243627846241 0.07928560674190521 -0.0342082679271698 -0.3508472740650177 -0.11441987752914429 -0.07877358794212341 0.016247253865003586 -0.0009251236915588379 -0.027324683964252472 0.055845990777015686 -0.16171517968177795 -0.031541623175144196 0.09098444879055023 0.11019569635391235 -0.03751562535762787 -0.09738554060459137 0.21013392508029938 -0.07882440090179443 -0.24943740665912628 -0.015757113695144653 0.1454448252916336 0.2236827164888382 0.18780571222305298 0.0589732863008976 0.03366769850254059 -0.15503115952014923 0.10849792510271072 -0.1305556744337082 0.03948994725942612 0.1006048396229744 0.07238592207431793 -0.014038147404789925 0.013850830495357513 -0.16198940575122833 0.04295673966407776 0.182390034198761 -0.17120441794395447 -0.028153005987405777 0.1136828288435936 -0.09272029995918274 -0.018330276012420654 -0.09100240468978882 0.24087177217006683 0.06119402498006821 -0.12876437604427338 -0.17665982246398926 0.15011465549468994 -0.23329958319664001 -0.04613050818443298 0.0676388144493103 -0.11970755457878113 -0.19187390804290771 -0.3008768558502197 -0.044484943151474 0.34849727153778076 0.13346920907497406 -0.09001370519399643 0.06337156891822815 0.04609876871109009 0.016236387193202972 0.15773390233516693 0.1490146517753601 -0.07944180071353912 0.025459375232458115 -0.15284958481788635 -0.01951230689883232 0.21945931017398834 -0.0701071247458458 -0.020371027290821075 0.16010788083076477 -0.030211925506591797 0.029680129140615463 0.044285811483860016 0.021307289600372314 -0.09575514495372772 0.030196212232112885 -0.16983574628829956 0.020220980048179626 -0.010817110538482666 -0.06406639516353607 -0.025868162512779236 0.08014155179262161 -0.12293997406959534 0.015288054943084717 -0.07257287204265594 -0.020739760249853134 -0.07944511622190475 -0.06077825278043747 -0.091126449406147 -0.07443664968013763 0.12801635265350342 -0.20093274116516113 0.13413245975971222 0.17383256554603577 0.062048740684986115 0.17346073687076569 0.15843135118484497 0.07245893031358719 -0.017391644418239594 -0.08302393555641174 -0.22714826464653015 -0.014830827713012695 0.11162044107913971 -0.027294978499412537 0.18084460496902466 -0.0025310255587100983 Linda
-0.05012309551239014 0.012678101658821106 -0.006418533623218536 -0.09576824307441711 -0.12214996665716171 -0.09449166059494019 -0.04624664783477783 -0.14517949521541595 0.08900418877601624 -0.1306411623954773 0.19942234456539154 -0.12150271981954575 -0.2132444828748703 -0.09399701654911041 -0.0648665726184845 0.2227248102426529 -0.187094047665596 -0.16459673643112183 -0.04571831598877907 -0.04225151985883713 0.031228139996528625 -0.006146810948848724 0.04857243597507477 0.073936328291893 -0.07000932842493057 -0.3223017454147339 -0.13517612218856812 -0.0648285299539566 -0.0041251759976148605 -0.03559620678424835 -0.033204201608896255 0.058905065059661865 -0.1762324571609497 -0.02390218898653984 0.08274415135383606 0.07474243640899658 -0.0366477370262146 -0.12365618348121643 0.1800290197134018 -0.04298403859138489 -0.2373509407043457 -0.019070640206336975 0.1334461271762848 0.20481355488300323 0.2103642076253891 0.07325825840234756 0.01798444241285324 -0.14526799321174622 0.11562781035900116 -0.13093218207359314 0.002209451049566269 0.101376473903656 0.03763119876384735 -0.012084145098924637 0.0018342956900596619 -0.14545342326164246 0.04432909935712814 0.17502927780151367 -0.17878147959709167 -0.04692591354250908 0.07573392987251282 -0.1310899257659912 -0.05289294198155403 -0.09731370210647583 0.23831714689731598 0.07140553742647171 -0.1255655437707901 -0.18519951403141022 0.17456339299678802 -0.20736777782440186 -0.05039109289646149 0.04251236468553543 -0.1395912766456604 -0.1826675832271576 -0.31664741039276123 -0.04435334354639053 0.3482801616191864 0.11838063597679138 -0.0956554114818573 0.09605836868286133 0.0403340607881546 0.06085694208741188 0.1433372050523758 0.15743406116962433 -0.0588894784450531 0.020618252456188202 -0.13920223712921143 -0.024611901491880417 0.19817711412906647 -0.0924946516752243 -0.02544022724032402 0.1376909762620926 -0.059603601694107056 0.039177291095256805 0.03932061046361923 0.003439784049987793 -0.1022663563489914 0.04238007962703705 -0.1508857011795044 0.0052150338888168335 0.011091411113739014 -0.02789674699306488 0.0031923502683639526 0.09341032803058624 -0.0869651585817337 0.03056730329990387 -0.04963736981153488 -0.027045320719480515 -0.0688849538564682 -0.0641876608133316 -0.07933810353279114 -0.07244446873664856 0.08709483593702316 -0.22365698218345642 0.14672882854938507 0.16889359056949615 0.05362500995397568 0.16014152765274048 0.14311833679676056 0.10145579278469086 -0.03275926411151886 -0.049250148236751556 -0.22114917635917664 -0.01597847416996956 0.11611711978912354 -0.00856710970401764 0.17533016204833984 -0.017014287412166595 Linda
-0.16909047961235046 -0.026219826191663742 -0.029077112674713135 -0.1463097780942917 -0.14329250156879425 -0.09100432693958282 -0.01245822198688984 -0.13541100919246674 0.13545511662960052 -0.16064000129699707 0.17271699011325836 -0.13408170640468597 -0.152659609913826 -0.0578886978328228 -0.08789758384227753 0.2072734534740448 -0.18946966528892517 -0.12992194294929504 -0.04684023559093475 -0.0022438466548919678 0.09343139827251434 -0.0029534362256526947 -0.02645699679851532 0.08159008622169495 -0.04706117510795593 -0.3051932752132416 -0.10799805074930191 -0.04421256482601166 -0.0094257527962327 -0.0188228078186512 0.021361947059631348 0.05288219451904297 -0.19924739003181458 -0.06642609089612961 0.06663281470537186 0.11574381589889526 0.016390850767493248 -0.11390889436006546 0.13896781206130981 -0.012191523797810078 -0.2532743811607361 -0.029558375477790833 0.14911119639873505 0.18763752281665802 0.16069626808166504 0.02237015962600708 -0.03250889480113983 -0.14284807443618774 0.15098334848880768 -0.16731099784374237 -0.07609101384878159 0.07157498598098755 0.024242199957370758 0.011094938963651657 0.021612919867038727 -0.09631077945232391 0.08283984661102295 0.17718270421028137 -0.16722871363162994 -0.0008182041347026825 0.10383730381727219 -0.09625712037086487 -0.055347032845020294 -0.12144732475280762 0.22360599040985107 0.0844365730881691 -0.13118113577365875 -0.20362608134746552 0.16046085953712463 -0.15424959361553192 -0.07975456118583679 0.04659218341112137 -0.11504195630550385 -0.17314858734607697 -0.2507287263870239 -0.030079327523708344 0.38632291555404663 0.13211670517921448 -0.12078448385000229 0.06234239041805267 -0.028018895536661148 0.035917285829782486 0.14503052830696106 0.15415196120738983 0.027378328144550323 0.013437099754810333 -0.06565093994140625 -0.05582922697067261 0.21336910128593445 -0.022658154368400574 0.006050977855920792 0.18762274086475372 -0.04175432771444321 0.03806762397289276 0.0006924718618392944 -0.008209571242332458 -0.11475488543510437 0.0535258948802948 -0.13453219830989838 -0.028573952615261078 0.023521609604358673 -0.04534757882356644 0.04064150154590607 0.11803445219993591 -0.12296818196773529 0.07715657353401184 -0.05196896567940712 0.02352214604616165 -0.00463346391916275 -0.012315496802330017 -0.05034444481134415 -0.023320026695728302 0.06609335541725159 -0.18443992733955383 0.18055036664009094 0.15814100205898285 0.0647992417216301 0.12424952536821365 0.14078408479690552 0.08728162944316864 0.007400214672088623 0.01568646728992462 -0.19853630661964417 -0.02782779559493065 0.07319588214159012 -0.04315325617790222 0.10730482637882233 -0.038365598767995834 Linda
-0.1294546276330948 -0.011376755312085152 -0.008244778960943222 -0.13716241717338562 -0.13668173551559448 -0.09880539774894714 -0.0012963302433490753 -0.14158406853675842 0.11838075518608093 -0.14853118360042572 0.19819366931915283 -0.13146959245204926 -0.18300391733646393 -0.05701819062232971 -0.0828481912612915 0.2136218249797821 -0.18737255036830902 -0.14408951997756958 -0.060653429478406906 0.016008660197257996 0.10697664320468903 -0.00724758580327034 -0.007710002362728119 0.0823269635438919 -0.055050477385520935 -0.33431994915008545 -0.10781054198741913 -0.04318340867757797 -0.03306092321872711 -0.0279541015625 0.018185123801231384 0.03251473605632782 -0.22488880157470703 -0.060468219220638275 0.057628292590379715 0.07479655742645264 0.000962134450674057 -0.14361494779586792 0.1670379638671875 -0.005244214087724686 -0.26442915201187134 -0.022812090814113617 0.1473105549812317 0.16910143196582794 0.15663185715675354 0.038588862866163254 -0.002581067383289337 -0.1635863184928894 0.15423905849456787 -0.16261254251003265 -0.03472265601158142 0.06023959070444107 0.0403023362159729 0.02115827053785324 0.008282262831926346 -0.08752836287021637 0.04938431829214096 0.1711406409740448 -0.15881720185279846 -0.01738964393734932 0.1191679909825325 -0.07983255386352539 -0.0534181222319603 -0.1555221974849701 0.2388760894536972 0.09006939828395844 -0.13406917452812195 -0.16596370935440063 0.19078847765922546 -0.14909428358078003 -0.09463643282651901 0.020746298134326935 -0.10734465718269348 -0.15989822149276733 -0.24092647433280945 -0.019377537071704865 0.3708053231239319 0.10846516489982605 -0.14154812693595886 0.011922482401132584 -0.028362689539790154 0.047668252140283585 0.13468995690345764 0.15107685327529907 0.031284309923648834 0.010436322540044785 -0.05687326192855835 -0.03887523338198662 0.2542591691017151 -0.03933556377887726 0.009260274469852448 0.1993027925491333 -0.031336136162281036 0.03799140453338623 0.011481884866952896 -0.009095653891563416 -0.10265864431858063 0.06889180839061737 -0.14541052281856537 0.02436782419681549 -0.0009558200836181641 -0.017646029591560364 0.019895821809768677 0.11877517402172089 -0.09785690903663635 0.06429202109575272 -0.0458855964243412 -0.003581274300813675 -0.0032180622220039368 -0.01578926295042038 -0.06941977888345718 -0.06532317399978638 0.04034525156021118 -0.17104914784431458 0.18874607980251312 0.1328565627336502 0.06414331495761871 0.11329804360866547 0.11077148467302322 0.1106468141078949 0.010022610425949097 -0.007970482110977173 -0.23248910903930664 -0.035876885056495667 0.1272318810224533 -0.02348881959915161 0.11035493016242981 -0.04254712909460068 Linda
-0.1321696639060974 0.018589623272418976 0.019664518535137177 -0.04796483367681503 -0.1274789422750473 -0.09572441130876541 -0.08266618847846985 -0.14437435567378998 0.07113400101661682 -0.14267830550670624 0.15019558370113373 -0.11125198006629944 -0.13869133591651917 -0.10315878689289093 -0.033071160316467285 0.17276234924793243 -0.1453256905078888 -0.1722210943698883 -0.03431795910000801 0.00554317981004715 0.07576053589582443 0.005706679075956345 -0.016905486583709717 0.024203389883041382 -0.10720588266849518 -0.34454789757728577 -0.09872055053710938 -0.058845385909080505 0.0037101320922374725 0.0030487701296806335 -0.09070850908756256 0.08225803077220917 -0.1470845341682434 -0.05629054456949234 0.05689011886715889 0.10171204805374146 0.049940288066864014 -0.026370786130428314 0.14856937527656555 0.008435431867837906 -0.23532316088676453 -0.003948718309402466 0.08406300842761993 0.25016462802886963 0.18389564752578735 0.07286250591278076 0.03799063712358475 -0.09527324885129929 0.14280769228935242 -0.14350813627243042 0.05291217938065529 0.10104630887508392 0.1004638671875 0.014785468578338623 0.05825364589691162 -0.1326124221086502 0.04885990917682648 0.089838907122612 -0.1456451117992401 0.00023011863231658936 0.10311176627874374 -0.0324590802192688 -0.05003233253955841 -0.10187461227178574 0.2574886977672577 0.07013816386461258 -0.08776849508285522 -0.16142478585243225 0.18517035245895386 -0.10642896592617035 -0.09890734404325485 -0.022027205675840378 -0.16852432489395142 -0.12515564262866974 -0.2968391180038452 -0.01296042650938034 0.3761139214038849 0.10957705974578857 -0.17711538076400757 0.09748954325914383 -0.003658704459667206 0.003290422260761261 0.13663524389266968 0.12266120314598083 -0.02087874338030815 0.04922579973936081 -0.062370605766773224 -0.00867532566189766 0.18388763070106506 -0.03844344615936279 -0.009313195943832397 0.1453470140695572 -0.000560147687792778 0.04644135385751724 0.037784039974212646 -0.01255999505519867 -0.06836864352226257 0.06561513990163803 -0.10962317883968353 -0.0030233412981033325 0.08053074032068253 -0.036879703402519226 0.04021754115819931 0.14754173159599304 -0.15351590514183044 0.12898409366607666 -0.03248447924852371 0.07000574469566345 0.0006108507513999939 0.01722705364227295 -0.06505526602268219 -0.044843535870313644 0.056988220661878586 -0.19635291397571564 0.14045865833759308 0.14903688430786133 0.04651568830013275 0.11627122759819031 0.08931469917297363 0.0719103068113327 0.02546786516904831 0.04786096513271332 -0.23907709121704102 -0.04921781271696091 0.09624825417995453 -0.0391680970788002 0.06582257151603699 0.08603518456220627 Mike
-0.11424467712640762 0.01227567344903946 0.0485420823097229 -0.028812900185585022 -0.123958520591259 -0.0771467462182045 -0.0548032745718956 -0.12989938259124756 0.05943611264228821 -0.11740747094154358 0.15638437867164612 -0.10485351830720901 -0.16379176080226898 -0.08794529736042023 -0.050939831882715225 0.1888066530227661 -0.12571555376052856 -0.16403162479400635 -0.0408470444381237 0.016797542572021484 0.09659066796302795 0.024304520338773727 -0.0056258998811244965 0.00431409478187561 -0.10138890147209167 -0.32644975185394287 -0.0840509831905365 -0.06221679598093033 -0.006704407744109631 -0.003383040428161621 -0.08453927934169769 0.08793842792510986 -0.1603720337152481 -0.06493107974529266 0.07105687260627747 0.08949269354343414 0.03371274843811989 -0.019992928951978683 0.1497040092945099 0.0075511205941438675 -0.23813959956169128 0.02403387427330017 0.09398029744625092 0.25942426919937134 0.1581023931503296 0.07919938862323761 0.03658413141965866 -0.0979473739862442 0.11912980675697327 -0.15267300605773926 0.06641796976327896 0.0816643238067627 0.11917789280414581 0.02028845250606537 0.06199868768453598 -0.13742899894714355 0.0631004050374031 0.08621760457754135 -0.14167504012584686 0.0334826298058033 0.13180819153785706 -0.05421421304345131 -0.03234110400080681 -0.10021226108074188 0.25386834144592285 0.03217943757772446 -0.09254167228937149 -0.1448606699705124 0.15267497301101685 -0.078541100025177 -0.09287950396537781 -0.016487862914800644 -0.17331217229366302 -0.11614108085632324 -0.30439522862434387 -0.0007137209177017212 0.39469659328460693 0.09817370772361755 -0.1893470585346222 0.09556075185537338 0.009206011891365051 0.03220689296722412 0.13998740911483765 0.13106167316436768 -0.01621193066239357 0.052958209067583084 -0.06876911222934723 -9.441375732421875e-05 0.16924425959587097 -0.05371429771184921 -0.020887695252895355 0.14802950620651245 -0.00849061831831932 0.03915208578109741 0.029978882521390915 -0.02242523431777954 -0.06412793695926666 0.0581929087638855 -0.10787598043680191 -0.002344191074371338 0.06184323877096176 -0.038243167102336884 0.04397907108068466 0.14280463755130768 -0.14161095023155212 0.10955708473920822 -0.04821973294019699 0.0704212635755539 0.004082389175891876 0.020779132843017578 -0.07634952664375305 -0.035066913813352585 0.04174895957112312 -0.20128405094146729 0.15739890933036804 0.14418119192123413 0.03964081406593323 0.09029160439968109 0.0958067774772644 0.0727904886007309 0.025370217859745026 0.06719620525836945 -0.2417055070400238 -0.05055729299783707 0.12546761333942413 -0.038392074406147 0.0936826765537262 0.08146284520626068 Mike
-0.12693141400814056 0.024422045797109604 0.02508283406496048 -0.042147062718868256 -0.13577868044376373 -0.09629379957914352 -0.0889524519443512 -0.15050053596496582 0.06425899267196655 -0.1434117704629898 0.15710222721099854 -0.1122359186410904 -0.14793801307678223 -0.09563980251550674 -0.03160086274147034 0.17585766315460205 -0.12940861284732819 -0.1709822714328766 -0.033196598291397095 0.0011371150612831116 0.07757619023323059 0.0166318379342556 -0.027337081730365753 0.018744170665740967 -0.10164135694503784 -0.3345959782600403 -0.09979395568370819 -0.050754107534885406 0.0006436202675104141 0.004323903471231461 -0.09635429084300995 0.09035715460777283 -0.1410326510667801 -0.054491907358169556 0.07441812753677368 0.10137671232223511 0.055400170385837555 -0.023265697062015533 0.14913123846054077 0.00653524324297905 -0.2392209768295288 -0.006500646471977234 0.08846281468868256 0.23422271013259888 0.16277730464935303 0.06651376187801361 0.03858857601881027 -0.09980446100234985 0.12808743119239807 -0.14845693111419678 0.05210311338305473 0.11091682314872742 0.11233402788639069 0.015408769249916077 0.053173668682575226 -0.1363520324230194 0.04670586436986923 0.08925140649080276 -0.14825603365898132 -0.0017141476273536682 0.11342582106590271 -0.042460426688194275 -0.056952401995658875 -0.09451446682214737 0.25343960523605347 0.08465264737606049 -0.08564598858356476 -0.1648709774017334 0.1870240867137909 -0.10652028024196625 -0.10917887836694717 -0.021832548081874847 -0.16245725750923157 -0.12792620062828064 -0.28951823711395264 -0.01290653645992279 0.3834989666938782 0.12044902890920639 -0.191796213388443 0.09792600572109222 -0.006228365004062653 0.006806068122386932 0.13825194537639618 0.1167767345905304 -0.022943075746297836 0.051876407116651535 -0.05863267928361893 -0.006579585373401642 0.1869867593050003 -0.04143555462360382 -0.004423856735229492 0.15145725011825562 0.008736643940210342 0.06371895968914032 0.03960270807147026 -0.015436708927154541 -0.05303620547056198 0.047074154019355774 -0.10656844824552536 -0.00671231746673584 0.07345900684595108 -0.0310840904712677 0.044726528227329254 0.15582260489463806 -0.15452459454536438 0.12797968089580536 -0.034322768449783325 0.06077921763062477 -0.002063736319541931 0.02810874581336975 -0.04785902425646782 -0.048369716852903366 0.05291302129626274 -0.19201818108558655 0.13961052894592285 0.14391514658927917 0.037950485944747925 0.11494636535644531 0.09012871980667114 0.07487955689430237 0.03585910052061081 0.02714681625366211 -0.23432233929634094 -0.060809068381786346 0.09807274490594864 -0.04347233474254608 0.05815959721803665 0.08271941542625427 Mike
-0.12569737434387207 0.021979663521051407 0.005948122590780258 -0.041947461664676666 -0.13469702005386353 -0.0930575579404831 -0.09124435484409332 -0.15316887199878693 0.058952316641807556 -0.1298501044511795 0.15211357176303864 -0.10893122851848602 -0.13834312558174133 -0.10461174696683884 -0.03504687547683716 0.17395861446857452 -0.1491994559764862 -0.17527760565280914 -0.02867160737514496 -0.0008620470762252808 0.06212907284498215 0.005004681646823883 -0.009042736142873764 0.026925578713417053 -0.1148558184504509 -0.3309130370616913 -0.09778262674808502 -0.06601002812385559 0.0032175518572330475 0.0031109191477298737 -0.09377692639827728 0.09011682868003845 -0.14008021354675293 -0.05304039642214775 0.07480500638484955 0.10497917234897614 0.054125286638736725 -0.02668995037674904 0.15090131759643555 0.007427845150232315 -0.22435535490512848 -0.010504022240638733 0.0955510213971138 0.25582700967788696 0.18294641375541687 0.06894488632678986 0.034954868257045746 -0.08945514261722565 0.1347007155418396 -0.14670926332473755 0.059425558894872665 0.10282851755619049 0.1065749078989029 0.01621391251683235 0.049806416034698486 -0.13775767385959625 0.05145130306482315 0.09795835614204407 -0.13836663961410522 -0.002949211746454239 0.10173915326595306 -0.02862212061882019 -0.05083242058753967 -0.09923692047595978 0.26685062050819397 0.08332950621843338 -0.09463891386985779 -0.15147563815116882 0.17425063252449036 -0.10284861922264099 -0.10757702589035034 -0.03495205566287041 -0.17133654654026031 -0.12438783049583435 -0.29324910044670105 -0.019766204059123993 0.3778957724571228 0.10980679094791412 -0.18811435997486115 0.09298335760831833 0.004759162664413452 0.00019234418869018555 0.13365769386291504 0.12750758230686188 -0.026449576020240784 0.04058924689888954 -0.061686933040618896 -0.011887576431035995 0.18661591410636902 -0.04298378527164459 -0.004338044673204422 0.1407952904701233 -0.002965342253446579 0.05170720815658569 0.03977305442094803 -0.01211993396282196 -0.06350485235452652 0.06305868923664093 -0.10484572499990463 -0.0014143288135528564 0.06727670133113861 -0.03806896135210991 0.03756056725978851 0.1521754413843155 -0.15538443624973297 0.12537705898284912 -0.024076148867607117 0.06509895622730255 0.0010975636541843414 0.015426352620124817 -0.05046532303094864 -0.049485865980386734 0.05894220620393753 -0.19453206658363342 0.14355239272117615 0.15141022205352783 0.04501944035291672 0.12051360309123993 0.08599203079938889 0.07377142459154129 0.030676446855068207 0.04935569316148758 -0.23490425944328308 -0.04939107596874237 0.09024516493082047 -0.05223044753074646 0.05530383437871933 0.08519154042005539 Mike
-0.11426015198230743 0.013703282922506332 0.04326586425304413 -0.03894871473312378 -0.14310535788536072 -0.0816168412566185 -0.06350690126419067 -0.12981927394866943 0.03840953856706619 -0.12917068600654602 0.13902050256729126 -0.13209213316440582 -0.151418536901474 -0.07786870747804642 -0.03655843436717987 0.17892174422740936 -0.14046922326087952 -0.16118499636650085 -0.0390777662396431 0.004162617027759552 0.07737736403942108 -0.006257284432649612 -0.03768649324774742 0.0017068535089492798 -0.08009786158800125 -0.3287506103515625 -0.10360433161258698 -0.046139270067214966 0.031300440430641174 -0.0009205564856529236 -0.09316346794366837 0.08349095284938812 -0.14291667938232422 -0.061403144150972366 0.06746193766593933 0.11073389649391174 0.036434587091207504 -0.045068223029375076 0.13196121156215668 0.0047996994107961655 -0.20799827575683594 -0.00104600191116333 0.07900511473417282 0.2430141717195511 0.1681056171655655 0.07246065139770508 0.048545077443122864 -0.07631959021091461 0.12458209693431854 -0.15407666563987732 0.05399834364652634 0.09379436075687408 0.12825271487236023 0.04922176152467728 0.05069657415151596 -0.13544487953186035 0.07450643181800842 0.09935621917247772 -0.13603979349136353 0.032974723726511 0.13055762648582458 -0.04944726079702377 -0.02522909827530384 -0.08401848375797272 0.2548164129257202 0.06434985250234604 -0.08035872131586075 -0.16667184233665466 0.17534461617469788 -0.09538522362709045 -0.10257357358932495 -0.046302445232868195 -0.16568364202976227 -0.10053040832281113 -0.283039391040802 -0.007021605968475342 0.3756042718887329 0.12616649270057678 -0.18613848090171814 0.0753634124994278 -0.01027977466583252 0.021357260644435883 0.1455431580543518 0.11554420739412308 -0.025392916053533554 0.040842071175575256 -0.07340050488710403 -0.008441828191280365 0.17998291552066803 -0.0543753057718277 -0.011544570326805115 0.14203834533691406 -0.0035113301128149033 0.05066902935504913 0.028767626732587814 -0.03169621527194977 -0.055137354880571365 0.06590292602777481 -0.08612753450870514 -0.005676098167896271 0.07590612769126892 -0.06168248504400253 0.04551658034324646 0.15493690967559814 -0.145546555519104 0.12916095554828644 -0.05202823132276535 0.09307008981704712 -0.0039655230939388275 0.012209415435791016 -0.07114191353321075 -0.01937451958656311 0.0674375593662262 -0.1934056282043457 0.1499233841896057 0.17239660024642944 0.0333031564950943 0.08763264864683151 0.0993754118680954 0.07401823997497559 0.04547571390867233 0.035216957330703735 -0.23264388740062714 -0.05175292119383812 0.08566208183765411 -0.03272680938243866 0.0441206619143486 0.09476137906312943 Mike
-0.11805112659931183 0.015595730394124985 0.019115392118692398 -0.048276811838150024 -0.11982445418834686 -0.09079138189554214 -0.07295186072587967 -0.1402197778224945 0.05897444486618042 -0.12694226205348969 0.14635290205478668 -0.10291790962219238 -0.13866713643074036 -0.11705908179283142 -0.027180802077054977 0.1682884246110916 -0.13829246163368225 -0.17120596766471863 -0.03523847833275795 0.011014975607395172 0.07605373859405518 0.007870379835367203 -0.006605356931686401 0.016241952776908875 -0.1087033748626709 -0.3294585645198822 -0.09421929717063904 -0.06634391844272614 0.002565613016486168 0.021766267716884613 -0.10017193108797073 0.08758178353309631 -0.1419408768415451 -0.050483860075473785 0.07079065591096878 0.10694809257984161 0.04795689135789871 -0.025895588099956512 0.136537104845047 0.01976095139980316 -0.23901137709617615 -0.004263259470462799 0.08481865376234055 0.2382345050573349 0.2031555473804474 0.06265372782945633 0.030037187039852142 -0.09879805892705917 0.13681966066360474 -0.16077017784118652 0.06040830537676811 0.10403107106685638 0.10935652256011963 0.02115035429596901 0.0637957900762558 -0.12842360138893127 0.059969060122966766 0.08286963403224945 -0.1420399397611618 -0.0050644055008888245 0.10283593088388443 -0.02506077289581299 -0.04906874895095825 -0.09637711942195892 0.2575027048587799 0.09219993650913239 -0.09672874957323074 -0.1579897254705429 0.18346482515335083 -0.10568823665380478 -0.11084013432264328 -0.02199198678135872 -0.16607847809791565 -0.11576522886753082 -0.2801850438117981 -0.020123258233070374 0.37481534481048584 0.11639444530010223 -0.1984606683254242 0.08978818356990814 -0.019836321473121643 0.015070930123329163 0.14601698517799377 0.12134187668561935 -0.02435993030667305 0.043955571949481964 -0.0658000260591507 -0.026195615530014038 0.18379151821136475 -0.04660120606422424 -0.009540360420942307 0.15701594948768616 -0.003394119441509247 0.06298176944255829 0.04747849330306053 -0.016576841473579407 -0.057233694940805435 0.06799416244029999 -0.11655198037624359 -0.015834078192710876 0.07919293642044067 -0.04720357432961464 0.04125884175300598 0.15166445076465607 -0.1526017189025879 0.12845109403133392 -0.028470654040575027 0.08176356554031372 0.019667528569698334 0.0035670846700668335 -0.051928527653217316 -0.03224775940179825 0.05243449658155441 -0.18953174352645874 0.15683656930923462 0.13654956221580505 0.04085371643304825 0.1014821007847786 0.10202658921480179 0.07262810319662094 0.026415996253490448 0.029798761010169983 -0.23774395883083344 -0.04230569303035736 0.09204170107841492 -0.04848557710647583 0.05243486911058426 0.08185852319002151 Mike
-0.10282381623983383 0.004106000065803528 0.04378243908286095 -0.027762562036514282 -0.13879814743995667 -0.06895097345113754 -0.06392944604158401 -0.13255131244659424 0.06012186408042908 -0.1256493628025055 0.14906418323516846 -0.11537082493305206 -0.16421754658222198 -0.08749499917030334 -0.061918094754219055 0.1926967054605484 -0.13224980235099792 -0.16605067253112793 -0.02282722294330597 0.009808331727981567 0.07990306615829468 0.024918202310800552 0.0037150979042053223 0.003868088126182556 -0.11237363517284393 -0.3187975585460663 -0.07912023365497589 -0.06825847178697586 -0.002486724406480789 0.0008569583296775818 -0.09597745537757874 0.09855443239212036 -0.1528601050376892 -0.046856965869665146 0.06691189855337143 0.09070394933223724 0.027894973754882812 -0.019542090594768524 0.1499350666999817 0.006854908540844917 -0.23602889478206635 0.02104124426841736 0.0878806784749031 0.24985206127166748 0.15588435530662537 0.07742011547088623 0.030086800456047058 -0.10309705883264542 0.11025866121053696 -0.14988553524017334 0.06325514614582062 0.09346145391464233 0.11433953046798706 0.021199289709329605 0.05113285779953003 -0.1388476938009262 0.06951922178268433 0.0824645459651947 -0.14132815599441528 0.03174880892038345 0.13028565049171448 -0.044429026544094086 -0.024143103510141373 -0.09961239248514175 0.2655400037765503 0.03467129170894623 -0.090379998087883 -0.143521249294281 0.16124539077281952 -0.09057871997356415 -0.10063667595386505 -0.01552525907754898 -0.16771379113197327 -0.12225259840488434 -0.30126357078552246 -0.013210929930210114 0.37643682956695557 0.11710543185472488 -0.18598423898220062 0.09827364981174469 0.01343560591340065 0.030479352921247482 0.14068463444709778 0.13805991411209106 -0.02254333347082138 0.04970947280526161 -0.06666041910648346 -0.011993154883384705 0.1631515771150589 -0.05899678170681 -0.02144336700439453 0.15387171506881714 0.0010518468916416168 0.04804139584302902 0.029390040785074234 -0.030318409204483032 -0.059642285108566284 0.06239040195941925 -0.10083663463592529 0.0014413893222808838 0.05751166492700577 -0.04324176907539368 0.04683404415845871 0.14643290638923645 -0.14067550003528595 0.11947747319936752 -0.05157618969678879 0.06681990623474121 0.005254562944173813 0.02614150196313858 -0.0668153464794159 -0.034393418580293655 0.050751954317092896 -0.2120225429534912 0.1579321026802063 0.14605236053466797 0.05417613685131073 0.09897232800722122 0.09837864339351654 0.07892011106014252 0.019343607127666473 0.05995829403400421 -0.24204406142234802 -0.0489952377974987 0.1167607307434082 -0.06101129204034805 0.09080987423658371 0.09771450608968735 Mike
-0.11111999303102493 0.00412527471780777 0.03842364624142647 -0.0383305624127388 -0.1332656741142273 -0.08820287883281708 -0.07876081019639969 -0.12959399819374084 0.052789025008678436 -0.12968985736370087 0.14247605204582214 -0.11456155776977539 -0.1511571705341339 -0.09390334039926529 -0.06073347479104996 0.18961314857006073 -0.1286763846874237 -0.16828161478042603 -0.03549382835626602 0.008534803986549377 0.07987719774246216 0.020323023200035095 -0.0029469653964042664 0.01563364267349243 -0.10383212566375732 -0.32903769612312317 -0.08001770824193954 -0.05907779186964035 -0.003271767869591713 -0.007592156529426575 -0.10457657277584076 0.09828000515699387 -0.1479538381099701 -0.04573003947734833 0.06914378702640533 0.10325885564088821 0.03293786197900772 -0.018291987478733063 0.14508742094039917 0.006281474605202675 -0.23783770203590393 0.01759275794029236 0.08890726417303085 0.2571181654930115 0.16764038801193237 0.08038543164730072 0.035237960517406464 -0.10551248490810394 0.11947260797023773 -0.14377038180828094 0.05880342423915863 0.09858584403991699 0.11293695867061615 0.025163155049085617 0.05127708613872528 -0.13327236473560333 0.07002274692058563 0.08600766211748123 -0.14089590311050415 0.03115307167172432 0.12280119210481644 -0.052881598472595215 -0.034673791378736496 -0.10693404823541641 0.26722997426986694 0.03977372497320175 -0.10517586767673492 -0.1467236578464508 0.15591952204704285 -0.10261709988117218 -0.10167762637138367 -0.021564438939094543 -0.16543535888195038 -0.12421663105487823 -0.3090318441390991 -0.014294274151325226 0.36816948652267456 0.12102733552455902 -0.1894497573375702 0.09841907024383545 0.01338081806898117 0.022853493690490723 0.14030475914478302 0.14444324374198914 -0.0337769016623497 0.057251185178756714 -0.06325588375329971 -0.007837209850549698 0.17122524976730347 -0.0494668185710907 -0.017132848501205444 0.14826847612857819 -0.0001605600118637085 0.05539196357131004 0.023419581353664398 -0.02119717001914978 -0.0631006509065628 0.0622185543179512 -0.09831798076629639 0.01050594449043274 0.06210984289646149 -0.050971001386642456 0.04439321160316467 0.14299440383911133 -0.138663649559021 0.12194604426622391 -0.047876257449388504 0.0743883028626442 0.004523809999227524 0.02966701239347458 -0.07363933324813843 -0.04735669493675232 0.04800501465797424 -0.2074432522058487 0.15765444934368134 0.16190680861473083 0.07061004638671875 0.09896285831928253 0.10599632561206818 0.0764075368642807 0.02574557065963745 0.05732259154319763 -0.23523543775081635 -0.043547406792640686 0.1143750324845314 -0.05540003627538681 0.08856742084026337 0.09490028023719788 Mike
-0.10227135568857193 0.007167141884565353 0.04023555666208267 -0.03189373016357422 -0.13602332770824432 -0.07079990208148956 -0.0683651864528656 -0.129148930311203 0.054052598774433136 -0.12163378298282623 0.1486663818359375 -0.12097492069005966 -0.163094624876976 -0.08281762897968292 -0.05657609552145004 0.19261141121387482 -0.11516469717025757 -0.16372309625148773 -0.03659718483686447 0.013080678880214691 0.08863905817270279 0.026258740574121475 -0.004107937216758728 0.022502511739730835 -0.09818237274885178 -0.3239331543445587 -0.08429604023694992 -0.055353038012981415 -0.007288891822099686 -0.011025719344615936 -0.10267166793346405 0.09377367794513702 -0.15525910258293152 -0.05049635469913483 0.07033754885196686 0.10296185314655304 0.0380672961473465 -0.022288065403699875 0.14328598976135254 0.010472256690263748 -0.24374759197235107 0.025912098586559296 0.09035129100084305 0.25096380710601807 0.14868047833442688 0.08230876177549362 0.03423105925321579 -0.09505634754896164 0.11221004277467728 -0.15347303450107574 0.06925884634256363 0.09070973098278046 0.126421257853508 0.007752992212772369 0.0474969744682312 -0.1454155445098877 0.056321993470191956 0.10017050802707672 -0.14174160361289978 0.037572234869003296 0.12488123774528503 -0.051032163202762604 -0.030913621187210083 -0.10192344337701797 0.26295170187950134 0.05640015751123428 -0.09853045642375946 -0.1495879590511322 0.15585830807685852 -0.08888299763202667 -0.09594354778528214 -0.017454300075769424 -0.1710527092218399 -0.12131322920322418 -0.3061148524284363 -0.0016637593507766724 0.3939637541770935 0.10274012386798859 -0.19533461332321167 0.09143735468387604 0.010764766484498978 0.038651544600725174 0.13527792692184448 0.13579337298870087 -0.030069146305322647 0.05140846595168114 -0.07386533915996552 -0.005900099873542786 0.17059040069580078 -0.05455261468887329 -0.019466456025838852 0.14688946306705475 -0.004996731877326965 0.05436369776725769 0.023604348301887512 -0.022617876529693604 -0.061657052487134933 0.05628379434347153 -0.10060977190732956 0.004533834755420685 0.051764074712991714 -0.044462792575359344 0.03996556997299194 0.14843347668647766 -0.14596767723560333 0.11010816693305969 -0.05048245191574097 0.05934513360261917 0.004708036780357361 0.03740076720714569 -0.07458483427762985 -0.044245753437280655 0.049607351422309875 -0.20915575325489044 0.15042461454868317 0.15092512965202332 0.05337825417518616 0.09614990651607513 0.10273677110671997 0.0845148041844368 0.03557082638144493 0.05799713730812073 -0.24192668497562408 -0.048052482306957245 0.12625601887702942 -0.05526905506849289 0.0843849629163742 0.08981898427009583 Mike
-0.12264929711818695 0.008279308676719666 0.035737957805395126 -0.043588265776634216 -0.13236403465270996 -0.10597583651542664 -0.080113485455513 -0.14251959323883057 0.05163823813199997 -0.131927952170372 0.158089742064476 -0.12338396161794662 -0.16100391745567322 -0.08216692507266998 -0.045911744236946106 0.18918979167938232 -0.1360602080821991 -0.173086479306221 -0.04496810957789421 0.010709866881370544 0.07812988758087158 0.0032403506338596344 -0.022428318858146667 0.01988467574119568 -0.09832267463207245 -0.3372379243373871 -0.1023314893245697 -0.04922277852892876 0.011333052068948746 -0.004505380988121033 -0.10205693542957306 0.10532800853252411 -0.14419586956501007 -0.0601780042052269 0.07000397890806198 0.09494639188051224 0.0517352893948555 -0.04392056167125702 0.13919827342033386 0.0017824620008468628 -0.22076278924942017 0.009282700717449188 0.08723750710487366 0.24980509281158447 0.16682279109954834 0.08037136495113373 0.04780139774084091 -0.09920164942741394 0.1064971461892128 -0.16022515296936035 0.05094068497419357 0.08544184267520905 0.111175537109375 0.03839167580008507 0.04521581530570984 -0.14319056272506714 0.06185999512672424 0.09298402070999146 -0.14551961421966553 0.02019774541258812 0.11165346205234528 -0.049721889197826385 -0.055825766175985336 -0.10978732258081436 0.2763054072856903 0.06991521269083023 -0.11113864183425903 -0.13179349899291992 0.17108210921287537 -0.09061956405639648 -0.1063782125711441 -0.04782799258828163 -0.16746178269386292 -0.11582988500595093 -0.2987028956413269 -0.0065728649497032166 0.37078461050987244 0.1137850433588028 -0.20870396494865417 0.09220751374959946 0.007248979061841965 0.028854086995124817 0.13501709699630737 0.12604495882987976 -0.032054200768470764 0.038008976727724075 -0.05829542502760887 -0.00481400266289711 0.17907044291496277 -0.04460315406322479 -0.008694913238286972 0.15175092220306396 0.0019799433648586273 0.0547713041305542 0.033354394137859344 -0.0026732534170150757 -0.04745534434914589 0.044591501355171204 -0.09865817427635193 0.011772885918617249 0.08558674156665802 -0.035814620554447174 0.029539652168750763 0.14939594268798828 -0.13848325610160828 0.12246210128068924 -0.033292677253484726 0.06962715089321136 0.011901035904884338 0.018771901726722717 -0.058431610465049744 -0.04531877860426903 0.04576253518462181 -0.2076805830001831 0.15230856835842133 0.17051836848258972 0.04881620407104492 0.10730573534965515 0.08661391586065292 0.07163985073566437 0.035432420670986176 0.04692573845386505 -0.23425592482089996 -0.059044670313596725 0.1224217489361763 -0.04033542424440384 0.05882605165243149 0.08943117409944534 Mike
-0.11573946475982666 0.02822553738951683 0.03968361020088196 -0.041609495878219604 -0.13762177526950836 -0.07432220131158829 -0.0722346305847168 -0.14490866661071777 0.05949094146490097 -0.12553100287914276 0.1634431779384613 -0.10208255797624588 -0.14190030097961426 -0.11155926436185837 -0.02139934152364731 0.17879009246826172 -0.1419355571269989 -0.17173758149147034 -0.027490004897117615 0.010319240391254425 0.07960518449544907 0.01644296944141388 -0.016251392662525177 0.007229268550872803 -0.10987574607133865 -0.3418399691581726 -0.09567783027887344 -0.06452545523643494 0.011271528899669647 -0.006633967161178589 -0.09140366315841675 0.09207887202501297 -0.14782965183258057 -0.06491595506668091 0.06989575922489166 0.08311466872692108 0.04146023839712143 -0.03051939234137535 0.14606954157352448 0.001638149842619896 -0.23615172505378723 -0.005727462470531464 0.08759669214487076 0.2357257604598999 0.1758168339729309 0.06951158493757248 0.04253425449132919 -0.08843212574720383 0.14244095981121063 -0.14750993251800537 0.06566919386386871 0.08641675114631653 0.1084456592798233 0.020840175449848175 0.05236818641424179 -0.13974303007125854 0.0409790575504303 0.08845922350883484 -0.1582164764404297 0.011312104761600494 0.10499679297208786 -0.04964379221200943 -0.04240749031305313 -0.08834412693977356 0.24506628513336182 0.07382220774888992 -0.07534007728099823 -0.17408455908298492 0.18588946759700775 -0.09256640076637268 -0.1048736423254013 -0.020156346261501312 -0.17545032501220703 -0.11424552649259567 -0.31152790784835815 -0.008712291717529297 0.37653931975364685 0.10556390136480331 -0.18456561863422394 0.07798600196838379 0.004727452993392944 0.01821836829185486 0.1328943371772766 0.12287633121013641 -0.021192077547311783 0.04425186291337013 -0.06368730962276459 -0.009154800325632095 0.17817136645317078 -0.046566158533096313 -0.027096297591924667 0.1551705002784729 -0.0037123262882232666 0.05783440172672272 0.04223402217030525 -0.007475703954696655 -0.05889511853456497 0.05632370710372925 -0.11286221444606781 -0.010848060250282288 0.07071560621261597 -0.021310418844223022 0.04767869412899017 0.1786138266324997 -0.13819006085395813 0.12141036987304688 -0.04559380188584328 0.07652631402015686 -0.007888786494731903 0.014975763857364655 -0.05994758382439613 -0.05205897241830826 0.04449409991502762 -0.1856078803539276 0.13764148950576782 0.14465242624282837 0.03769993782043457 0.10283981263637543 0.08875230699777603 0.06248109042644501 0.03140765801072121 0.03648117929697037 -0.2412649393081665 -0.04577721655368805 0.11428489536046982 -0.03390742838382721 0.059973157942295074 0.0851818099617958 Mike
-0.09883078187704086 0.007690504193305969 0.03975309431552887 -0.03635688126087189 -0.13055136799812317 -0.08176769316196442 -0.0760020837187767 -0.135262593626976 0.05799448490142822 -0.1241397112607956 0.14747700095176697 -0.11081615835428238 -0.15965324640274048 -0.09293178468942642 -0.06317895650863647 0.19238843023777008 -0.11977449804544449 -0.1692899465560913 -0.03701547533273697 0.016304083168506622 0.08422182500362396 0.023921694606542587 -0.009645558893680573 0.014897242188453674 -0.10369695723056793 -0.3219160735607147 -0.08249928057193756 -0.06441362202167511 -0.014364775270223618 -0.011946093291044235 -0.10366334021091461 0.09915465116500854 -0.15121978521347046 -0.04714218154549599 0.07316701114177704 0.10348378866910934 0.03282330930233002 -0.01576051488518715 0.14261437952518463 0.00783543847501278 -0.23937314748764038 0.02858547866344452 0.08681759238243103 0.2562442421913147 0.16449406743049622 0.08563905954360962 0.035582177340984344 -0.10402262210845947 0.11264964193105698 -0.1485738456249237 0.06957893073558807 0.0932934433221817 0.12000717222690582 0.02017318457365036 0.05669102817773819 -0.14585906267166138 0.06365644931793213 0.08343150466680527 -0.1418890357017517 0.03176528215408325 0.12866626679897308 -0.04792100936174393 -0.03480696305632591 -0.1036575585603714 0.2697332501411438 0.0436178520321846 -0.1055786982178688 -0.13831870257854462 0.16144385933876038 -0.09888583421707153 -0.09997285157442093 -0.024219617247581482 -0.1710972934961319 -0.12481393665075302 -0.3044222891330719 -0.010645121335983276 0.3812698721885681 0.12109620869159698 -0.20284466445446014 0.09509003907442093 0.014376457780599594 0.033534590154886246 0.143207848072052 0.1357053518295288 -0.02398763969540596 0.05647563561797142 -0.06601455807685852 -0.0062444210052490234 0.17430497705936432 -0.050779178738594055 -0.01675696298480034 0.15221400558948517 -0.003483109176158905 0.0523139163851738 0.020787298679351807 -0.03362257778644562 -0.05215328931808472 0.0574648380279541 -0.1045420914888382 0.008389361202716827 0.05263911932706833 -0.038545750081539154 0.03935300558805466 0.14755575358867645 -0.1369956135749817 0.1175130233168602 -0.043515149503946304 0.06995353102684021 -0.0018470101058483124 0.03212928771972656 -0.0773354098200798 -0.041743356734514236 0.0532163605093956 -0.20784324407577515 0.1640011966228485 0.15083067119121552 0.06468121707439423 0.09063799679279327 0.1008753851056099 0.07584568113088608 0.031420961022377014 0.049651339650154114 -0.24763330817222595 -0.047748904675245285 0.12232998758554459 -0.058469295501708984 0.0946296900510788 0.09410533308982849 Mike
-0.10944876074790955 0.022976242005825043 0.0229494571685791 -0.025209516286849976 -0.12962159514427185 -0.08234570920467377 -0.08513685315847397 -0.1542631834745407 0.04413364827632904 -0.12246090918779373 0.1634138822555542 -0.10145341604948044 -0.15453077852725983 -0.10275208950042725 -0.03802679851651192 0.1771288812160492 -0.12134645134210587 -0.17406058311462402 -0.03706818446516991 0.022771596908569336 0.07419311255216599 -0.0021503232419490814 -0.019913356751203537 0.012096643447875977 -0.09525976330041885 -0.3433249592781067 -0.11191342025995255 -0.05127988010644913 0.008438771590590477 0.0013398565351963043 -0.10989537835121155 0.09555868804454803 -0.14421449601650238 -0.05604155734181404 0.08288583159446716 0.11580975353717804 0.051758259534835815 -0.024435076862573624 0.13215698301792145 0.013919876888394356 -0.22037839889526367 0.0003892183303833008 0.07744669169187546 0.25539836287498474 0.1617908924818039 0.08079423755407333 0.056936539709568024 -0.08273458480834961 0.10423099249601364 -0.14962252974510193 0.07598404586315155 0.08871594071388245 0.12042024731636047 0.03671475499868393 0.04256594553589821 -0.14621907472610474 0.051101453602313995 0.09982794523239136 -0.1319696307182312 0.023156270384788513 0.1151294857263565 -0.06645817309617996 -0.06990028917789459 -0.10910958796739578 0.2586458921432495 0.07723931223154068 -0.09594091027975082 -0.15950876474380493 0.16490869224071503 -0.10108810663223267 -0.11216142773628235 -0.04103029519319534 -0.17447932064533234 -0.11794046312570572 -0.3125816881656647 0.0044748783111572266 0.36914128065109253 0.12835454940795898 -0.2053297758102417 0.080562062561512 0.01428767666220665 0.03737211972475052 0.13051116466522217 0.11843739449977875 -0.021503953263163567 0.060362331569194794 -0.0719810426235199 -0.013420246541500092 0.18495070934295654 -0.04848519712686539 -0.01141463965177536 0.1453240066766739 -0.018614724278450012 0.05941345915198326 0.034679193049669266 -0.013224303722381592 -0.03176598250865936 0.04029981791973114 -0.10115227103233337 -0.002857811748981476 0.07776705175638199 -0.05056095868349075 0.02838078886270523 0.14588052034378052 -0.15768392384052277 0.1157914474606514 -0.04330434277653694 0.07196779549121857 0.010671187192201614 0.006433501839637756 -0.07018212974071503 -0.04117031395435333 0.06835316121578217 -0.20798185467720032 0.15924225747585297 0.1811012476682663 0.055363819003105164 0.10451917350292206 0.09631887078285217 0.07308974862098694 0.031052716076374054 0.03028048574924469 -0.23994264006614685 -0.06424982100725174 0.10718674957752228 -0.04186129570007324 0.04532778263092041 0.0799601823091507 Mike
-0.11144111305475235 0.01531306654214859 0.03644006326794624 -0.03774596005678177 -0.12058939784765244 -0.0893947035074234 -0.08271822333335876 -0.1471877247095108 0.03985746204853058 -0.12252997606992722 0.15585994720458984 -0.11246899515390396 -0.1553681194782257 -0.10014310479164124 -0.018409941345453262 0.1741712987422943 -0.14671075344085693 -0.16856759786605835 -0.028362706303596497 0.01476556807756424 0.07029643654823303 -0.002585597336292267 -0.007075145840644836 0.01256309449672699 -0.10458718240261078 -0.3362498879432678 -0.11950363218784332 -0.049040816724300385 0.00739675760269165 0.012689590454101562 -0.09425874799489975 0.09411298483610153 -0.141885906457901 -0.052266448736190796 0.07987681031227112 0.09465770423412323 0.06008375808596611 -0.0389605276286602 0.13919667899608612 0.0020395945757627487 -0.2188563048839569 -0.0013088658452033997 0.09119133651256561 0.2439330816268921 0.17240217328071594 0.07521825283765793 0.03994360566139221 -0.0860118642449379 0.1123315766453743 -0.14751026034355164 0.06870633363723755 0.09896209836006165 0.09661537408828735 0.0332118421792984 0.05086950957775116 -0.13993804156780243 0.06303685158491135 0.08545339852571487 -0.13867275416851044 0.014195416122674942 0.11437135934829712 -0.049068011343479156 -0.04545588791370392 -0.10507132112979889 0.25286439061164856 0.07379953563213348 -0.0987095981836319 -0.1609003096818924 0.16662785410881042 -0.09346329420804977 -0.10237246751785278 -0.039474546909332275 -0.1804829090833664 -0.11574938893318176 -0.3080439865589142 -0.009425550699234009 0.3620853126049042 0.12047285586595535 -0.19825278222560883 0.09380564093589783 0.005162801593542099 0.022989235818386078 0.13614054024219513 0.13118122518062592 -0.023230943828821182 0.05666312575340271 -0.06459058821201324 -0.005371205508708954 0.17257900536060333 -0.04290901869535446 -0.014577660709619522 0.16276973485946655 -0.011303290724754333 0.05801686272025108 0.04925931990146637 -0.005341440439224243 -0.04071183130145073 0.044521480798721313 -0.11388669162988663 0.0071640461683273315 0.0792967826128006 -0.046816207468509674 0.03718143701553345 0.1562158763408661 -0.14588995277881622 0.11637859046459198 -0.031878530979156494 0.07602229714393616 0.003267049789428711 0.014518395066261292 -0.06861622631549835 -0.04294300824403763 0.05573880299925804 -0.2099817395210266 0.14385636150836945 0.16366331279277802 0.04521101713180542 0.1014791876077652 0.09319395571947098 0.08335606753826141 0.02476835623383522 0.03563615679740906 -0.2271929681301117 -0.050376832485198975 0.0971391350030899 -0.033440858125686646 0.053157396614551544 0.09214920550584793 Mike
-0.13110321760177612 0.024734117090702057 0.06156022474169731 -0.026547059416770935 -0.14054343104362488 -0.12277518957853317 -0.07806457579135895 -0.14853139221668243 0.05022713541984558 -0.12378038465976715 0.1859925538301468 -0.11371670663356781 -0.1600775271654129 -0.07592765986919403 -0.013550938107073307 0.18287448585033417 -0.15701551735401154 -0.15605990588665009 -0.0626460388302803 -0.0009162276983261108 0.07736419141292572 -0.010072220116853714 -0.02549971640110016 0.0072676390409469604 -0.09208174049854279 -0.3581336736679077 -0.08685371279716492 -0.03239073604345322 0.03502902388572693 0.010004688054323196 -0.09441264718770981 0.09656564891338348 -0.16529208421707153 -0.09260692447423935 0.07578906416893005 0.09923557937145233 0.05387836694717407 -0.048478174954652786 0.14869776368141174 -0.008825790137052536 -0.23221400380134583 0.002227015793323517 0.07960078120231628 0.22772708535194397 0.15685167908668518 0.07981249690055847 0.0614846870303154 -0.09466464072465897 0.1352846622467041 -0.1654866635799408 0.03960881009697914 0.09612995386123657 0.1142781525850296 0.032134175300598145 0.036559559404850006 -0.14654558897018433 0.05537255108356476 0.08645498007535934 -0.15914203226566315 -0.0029622428119182587 0.13643303513526917 -0.06147593632340431 -0.0423290878534317 -0.10518918931484222 0.2545248866081238 0.07506801933050156 -0.09577490389347076 -0.14443688094615936 0.1537514328956604 -0.07672394812107086 -0.09632239490747452 -0.0463426448404789 -0.16085579991340637 -0.11038044840097427 -0.316068172454834 -0.005674771964550018 0.3894226551055908 0.08746448904275894 -0.19187238812446594 0.07204149663448334 -0.014171537011861801 0.005371376872062683 0.1258707344532013 0.11193691194057465 -0.0259334035217762 0.051562756299972534 -0.06348174810409546 0.014346454292535782 0.1913701891899109 -0.044706642627716064 -0.0015140734612941742 0.15069900453090668 0.0016322284936904907 0.06374567002058029 0.02777060493826866 0.013128012418746948 -0.07199728488922119 0.04830087721347809 -0.10071566700935364 0.016362734138965607 0.08669524639844894 -0.019791677594184875 0.04550815373659134 0.1387844681739807 -0.14997106790542603 0.1255379617214203 -0.042642705142498016 0.07502129673957825 0.0018500611186027527 -0.003895200788974762 -0.05960746109485626 -0.043894995003938675 0.04083628207445145 -0.19222068786621094 0.15694761276245117 0.17366984486579895 0.03668630123138428 0.10813911259174347 0.08636894822120667 0.042390525341033936 0.036173850297927856 0.044534891843795776 -0.22860181331634521 -0.07095275819301605 0.10944746434688568 -0.03449182212352753 0.05906955152750015 0.07814542949199677 Mike
-0.05719796568155289 0.025290757417678833 0.06358147412538528 -0.026485860347747803 -0.1525038778781891 -0.056818604469299316 -0.08763255178928375 -0.09175078570842743 0.08313842117786407 -0.156515970826149 0.22981791198253632 -0.11125552654266357 -0.20599088072776794 -0.040314167737960815 -0.10298509895801544 0.23000308871269226 -0.1839585304260254 -0.15387742221355438 -0.04308120161294937 -0.033156901597976685 0.060935333371162415 0.013545285910367966 -0.027544662356376648 0.028250187635421753 -0.11939474195241928 -0.34501445293426514 -0.09111261367797852 -0.0025888606905937195 -0.05486844480037689 -0.09631974995136261 -0.025023236870765686 0.08538269996643066 -0.13623742759227753 0.02095547318458557 0.05109010636806488 0.11940494924783707 0.0014313049614429474 -0.12334787100553513 0.13229909539222717 -0.0005699638277292252 -0.26318424940109253 0.018730953335762024 0.08668844401836395 0.23223266005516052 0.20730431377887726 0.010365597903728485 0.001877225935459137 -0.12620149552822113 0.1324526071548462 -0.18489961326122284 -0.037329331040382385 0.12514616549015045 0.01762709766626358 0.005960067734122276 0.012398529797792435 -0.10778618603944778 0.0206822007894516 0.12228419631719589 -0.0895722508430481 -0.06307259202003479 0.08173078298568726 -0.13463379442691803 -0.022116295993328094 -0.12563267350196838 0.14586621522903442 0.02927836775779724 -0.098271444439888 -0.22218263149261475 0.11996319144964218 -0.19575102627277374 -0.1045568659901619 0.05918094515800476 -0.1242915540933609 -0.175608292222023 -0.3432973623275757 -0.038526736199855804 0.38437584042549133 0.10493675619363785 -0.14404283463954926 0.08948380500078201 0.04004959762096405 0.018945299088954926 0.13064029812812805 0.16994711756706238 0.020795684307813644 0.03663604333996773 -0.17010140419006348 -0.0008249916136264801 0.24732372164726257 -0.0789821594953537 -0.023973777890205383 0.16219072043895721 -0.037647198885679245 0.057821124792099 0.04270262271165848 0.01648522913455963 -0.10224175453186035 0.05906486511230469 -0.12425922602415085 -0.012544423341751099 0.03161595016717911 -0.015656307339668274 -0.031214594841003418 0.09227372705936432 -0.09394831955432892 0.10426938533782959 -0.05769649147987366 0.031819455325603485 -0.014817416667938232 -0.042231783270835876 -0.1025903970003128 -0.02998974919319153 0.1308291256427765 -0.2097749561071396 0.08953350782394409 0.1734088957309723 0.07991279661655426 0.11876682937145233 0.16524960100650787 0.07712603360414505 -0.04649835824966431 -0.02220159024000168 -0.22851680219173431 -0.03167155757546425 0.028032198548316956 -0.03866684436798096 0.08602643758058548 -0.015125501900911331 Lily
-0.0387396514415741 0.021887309849262238 0.05573233962059021 -0.036241382360458374 -0.14689794182777405 -0.029071185737848282 -0.0763539969921112 -0.10520754754543304 0.09588980674743652 -0.14523091912269592 0.2243482768535614 -0.08753287047147751 -0.21223799884319305 -0.03369373828172684 -0.08623900264501572 0.20062527060508728 -0.15363234281539917 -0.15255725383758545 -0.06763054430484772 -0.040280621498823166 0.04646366089582443 0.03044963628053665 0.018034886568784714 0.011978209018707275 -0.08820956945419312 -0.36435675621032715 -0.09803672134876251 -0.012901976704597473 -0.023944873362779617 -0.0671079233288765 -0.048962343484163284 0.07796750962734222 -0.15270011126995087 -0.00291471928358078 0.046909917145967484 0.11876831948757172 -0.03590977191925049 -0.11316969245672226 0.17106693983078003 -0.013127419166266918 -0.2521294951438904 0.02414701133966446 0.09473372995853424 0.22320184111595154 0.2069283425807953 0.003364548087120056 0.008743219077587128 -0.11266568303108215 0.11624264717102051 -0.17995591461658478 0.023070186376571655 0.14323163032531738 0.06908835470676422 0.01844949647784233 0.03185995668172836 -0.08388057351112366 0.0029582679271698 0.15216505527496338 -0.04814271256327629 -0.015053767710924149 0.08992141485214233 -0.1140408143401146 -0.03233318775892258 -0.13262416422367096 0.1492084115743637 0.02307584136724472 -0.10402912646532059 -0.20325911045074463 0.08110658824443817 -0.19104105234146118 -0.11943848431110382 0.04723140597343445 -0.13760901987552643 -0.183468759059906 -0.32362160086631775 -0.013934969902038574 0.36133337020874023 0.1002885103225708 -0.18970531225204468 0.07715344429016113 0.04910245165228844 0.0034420564770698547 0.1428380012512207 0.17606140673160553 0.011595450341701508 0.03812786191701889 -0.1681201159954071 -0.02502661943435669 0.2550108730792999 -0.09440505504608154 -0.024615120142698288 0.2034081220626831 -0.03162965923547745 0.07322393357753754 0.04817887768149376 0.03593038022518158 -0.08308954536914825 0.036220982670784 -0.1486179232597351 -0.012103259563446045 0.048457808792591095 -0.034986548125743866 -0.06378789991140366 0.0759286880493164 -0.10320703685283661 0.10101369023323059 -0.06344705075025558 0.048555269837379456 0.027612365782260895 -0.05703379213809967 -0.10588496923446655 -0.0769929364323616 0.15244899690151215 -0.18778052926063538 0.07921195775270462 0.18133273720741272 0.04908827692270279 0.11960180848836899 0.1801103949546814 0.09809817373752594 -0.017834454774856567 -0.0020465925335884094 -0.2370966374874115 -0.035749420523643494 0.053104057908058167 -0.021975472569465637 0.050823792815208435 0.00023251771926879883 Lily
-0.04589007794857025 0.02135871723294258 0.08645349740982056 -0.047481998801231384 -0.12824776768684387 -0.034894924610853195 -0.04939793422818184 -0.11331485956907272 0.08691693842411041 -0.16346408426761627 0.21555788815021515 -0.09826473891735077 -0.21189244091510773 -0.0386371836066246 -0.08691129088401794 0.19309617578983307 -0.14280064404010773 -0.16084326803684235 -0.06253484636545181 -0.045872315764427185 0.050484783947467804 0.04299823194742203 0.013256028294563293 -0.011812016367912292 -0.09109165519475937 -0.3317326307296753 -0.10449805110692978 -0.00743749737739563 -0.014836166054010391 -0.06188789755105972 -0.05433855205774307 0.08206770569086075 -0.15863031148910522 -0.006257832050323486 0.0420769639313221 0.09505540132522583 -0.02134007215499878 -0.1112857386469841 0.16875436902046204 -0.008564937859773636 -0.23882775008678436 0.030286192893981934 0.08637537062168121 0.24428102374076843 0.20773112773895264 -0.010000482201576233 0.007024601101875305 -0.09773242473602295 0.09771032631397247 -0.1703067421913147 0.012469671666622162 0.11605451256036758 0.06059485673904419 0.020495131611824036 0.033902451395988464 -0.09316131472587585 -0.004287257790565491 0.13186608254909515 -0.0406205877661705 -0.0007879845798015594 0.10340666025876999 -0.13081635534763336 -0.04897092655301094 -0.13547873497009277 0.14140862226486206 -0.004653003066778183 -0.11082524061203003 -0.20871609449386597 0.07813519984483719 -0.1690720170736313 -0.10470626503229141 0.057522453367710114 -0.14606516063213348 -0.15682929754257202 -0.2989301085472107 0.0012287050485610962 0.35543137788772583 0.09870238602161407 -0.18450094759464264 0.08693850785493851 0.05374269187450409 0.028120681643486023 0.15442568063735962 0.17438140511512756 0.02508537843823433 0.06136417016386986 -0.14436301589012146 -0.004435364156961441 0.23036931455135345 -0.09458965808153152 -0.05562193691730499 0.18548303842544556 -0.046804286539554596 0.05561497434973717 0.04278917610645294 0.023349419236183167 -0.05937813222408295 0.04385845363140106 -0.14580181241035461 0.006545118987560272 0.06524237245321274 -0.04258604347705841 -0.06180054694414139 0.0793415755033493 -0.0928935706615448 0.10867089778184891 -0.06414834409952164 0.051633380353450775 0.007315337657928467 -0.07150920480489731 -0.10496662557125092 -0.027247749269008636 0.13487043976783752 -0.21284709870815277 0.08773427456617355 0.18626803159713745 0.03423130512237549 0.1126931831240654 0.17071017622947693 0.07543112337589264 -0.0009356066584587097 0.018222086131572723 -0.2266390323638916 -0.05796302855014801 0.06910140812397003 -0.013400018215179443 0.08715422451496124 -0.0017424635589122772 Lily
-0.03888744115829468 0.01586071401834488 0.0811692625284195 -0.0567140206694603 -0.12387751787900925 -0.059135228395462036 -0.07377520203590393 -0.10202112793922424 0.09954838454723358 -0.17555201053619385 0.21364176273345947 -0.08378398418426514 -0.2041211873292923 -0.02919374406337738 -0.08278718590736389 0.19465449452400208 -0.1607794463634491 -0.13797825574874878 -0.07220039516687393 -0.04203110188245773 0.06949447840452194 0.03309519588947296 -0.011383462697267532 0.0017614811658859253 -0.09442009031772614 -0.3410987854003906 -0.10061294585466385 -0.00852540135383606 -0.03861824423074722 -0.05921947956085205 -0.0550793781876564 0.09721645712852478 -0.15506216883659363 -0.0013728737831115723 0.01770222932100296 0.11510112136602402 0.003388967365026474 -0.11723954230546951 0.13690611720085144 -0.008808422833681107 -0.2661130428314209 0.032260507345199585 0.0740266889333725 0.22113440930843353 0.19584330916404724 -0.02649696171283722 0.019574269652366638 -0.10398701578378677 0.10711462050676346 -0.18331556022167206 -0.01630888134241104 0.1250685155391693 0.030176110565662384 0.02252056449651718 0.030470430850982666 -0.10167206078767776 0.010577499866485596 0.11819714307785034 -0.043515678495168686 -0.033998943865299225 0.1056414544582367 -0.13718104362487793 -0.04139392822980881 -0.14223511517047882 0.1489558219909668 0.028979726135730743 -0.1083219051361084 -0.21167528629302979 0.07500014454126358 -0.17525708675384521 -0.1093277558684349 0.05106518045067787 -0.15238359570503235 -0.15800803899765015 -0.3193269968032837 -0.004119366407394409 0.3619946539402008 0.10641101002693176 -0.17195087671279907 0.10387012362480164 0.011922009289264679 0.021941039711236954 0.16427095234394073 0.179933562874794 0.04874200373888016 0.0840543583035469 -0.1459772139787674 0.020961713045835495 0.24050140380859375 -0.09433768689632416 -0.03013792634010315 0.18445074558258057 -0.04095122218132019 0.07647646218538284 0.02543671429157257 0.018782809376716614 -0.07427918910980225 0.04876375198364258 -0.141103595495224 0.026982054114341736 0.06777317821979523 -0.02171432226896286 -0.059446707367897034 0.08055586367845535 -0.08663049340248108 0.10010842978954315 -0.053872086107730865 0.04961395263671875 0.018239401280879974 -0.06192385405302048 -0.09509669244289398 -0.04205293953418732 0.13213005661964417 -0.19369134306907654 0.09209045767784119 0.18221144378185272 0.047220826148986816 0.11175329983234406 0.1689244508743286 0.08080355077981949 -0.023990198969841003 -0.006872951984405518 -0.24941255152225494 -0.029588501900434494 0.06559015810489655 -0.013623662292957306 0.0648416057229042 -0.012846384197473526 Lily
-0.04397578537464142 0.018251344561576843 0.03547077625989914 -0.06726735830307007 -0.1400667130947113 -0.03555048257112503 -0.0882488414645195 -0.08836513012647629 0.10743580758571625 -0.17650999128818512 0.22214451432228088 -0.06509017944335938 -0.20460650324821472 -0.06205886974930763 -0.07838286459445953 0.1926792562007904 -0.20473191142082214 -0.15321338176727295 -0.05698426067829132 -0.03659820556640625 0.0577513687312603 0.020122110843658447 -0.014473415911197662 0.007851839065551758 -0.1075926125049591 -0.36367788910865784 -0.08948744088411331 -0.010795623064041138 -0.04120761156082153 -0.07916499674320221 -0.05001937970519066 0.09385223686695099 -0.14136607944965363 0.00016504526138305664 0.031027406454086304 0.1141868457198143 -0.0010329671204090118 -0.09334293007850647 0.12919175624847412 -0.0049735624343156815 -0.25087887048721313 -0.004170328378677368 0.06837615370750427 0.23841989040374756 0.19540312886238098 -0.0008949413895606995 0.016332820057868958 -0.1325313299894333 0.12672793865203857 -0.19703581929206848 -0.004004418849945068 0.12754997611045837 0.013468161225318909 0.02580804005265236 0.02044721320271492 -0.10990451276302338 0.01728421449661255 0.12963145971298218 -0.05650109797716141 -0.046027638018131256 0.08377599716186523 -0.13654612004756927 -0.031216710805892944 -0.13471272587776184 0.17963621020317078 0.03119868040084839 -0.10313136875629425 -0.22340145707130432 0.10005956143140793 -0.17107358574867249 -0.11770205199718475 0.055622491985559464 -0.13184960186481476 -0.16917873919010162 -0.3442363440990448 -0.02289997786283493 0.3667997419834137 0.12148058414459229 -0.15651778876781464 0.07704874873161316 0.0014852583408355713 0.006098955869674683 0.16333453357219696 0.17716145515441895 0.01428774744272232 0.07216193526983261 -0.16449549794197083 0.024100638926029205 0.24323701858520508 -0.08126302808523178 -0.03344837576150894 0.17452718317508698 -0.01846398413181305 0.09303031861782074 0.049760349094867706 0.032759249210357666 -0.09105271100997925 0.05724527686834335 -0.1559305191040039 0.007413499057292938 0.06061028689146042 -0.012518517673015594 -0.0418042354285717 0.1096014529466629 -0.07262830436229706 0.11357790976762772 -0.05050091817975044 0.037415530532598495 0.006172388792037964 -0.07107215374708176 -0.07744099199771881 -0.06551237404346466 0.12395557761192322 -0.20329973101615906 0.07515375316143036 0.18368802964687347 0.09826600551605225 0.1394752860069275 0.15230253338813782 0.07159359008073807 -0.0532374307513237 -0.0361592099070549 -0.25760209560394287 0.0014711134135723114 0.05010904371738434 -0.015164859592914581 0.06415779888629913 -0.012960731983184814 Lily
-0.05317077040672302 0.027150295674800873 0.030197203159332275 -0.04957614839076996 -0.14598606526851654 -0.0507395900785923 -0.09339965879917145 -0.09565060585737228 0.11907836049795151 -0.15279711782932281 0.21230696141719818 -0.08437032252550125 -0.21668821573257446 -0.041675470769405365 -0.10446840524673462 0.20524625480175018 -0.18863293528556824 -0.14026927947998047 -0.045075513422489166 -0.02403799444437027 0.07415111362934113 0.004526488482952118 -0.02495141327381134 0.036423563957214355 -0.08577963709831238 -0.35730844736099243 -0.08867992460727692 -0.015898242592811584 -0.042161598801612854 -0.0989542156457901 -0.030951127409934998 0.06715443730354309 -0.14286690950393677 0.00104503333568573 0.034549444913864136 0.1129702627658844 -0.008885001763701439 -0.11893120408058167 0.14671078324317932 -0.02478693053126335 -0.27514395117759705 0.0008393004536628723 0.0808497816324234 0.20948651432991028 0.17747627198696136 0.0038134530186653137 0.007229633629322052 -0.1438654065132141 0.15081435441970825 -0.19221697747707367 -0.012132175266742706 0.14271654188632965 0.00273914635181427 0.012042537331581116 0.02025129646062851 -0.10575070232152939 0.018261104822158813 0.13745266199111938 -0.0800841748714447 -0.04956071823835373 0.09035322815179825 -0.11643575131893158 -0.05209651216864586 -0.12649035453796387 0.15231579542160034 0.050112221390008926 -0.09958046674728394 -0.24764540791511536 0.11286455392837524 -0.1933598518371582 -0.11889894306659698 0.07571975886821747 -0.11955906450748444 -0.1792973279953003 -0.33576345443725586 -0.028468884527683258 0.39516481757164 0.1056373119354248 -0.1398177295923233 0.09067568928003311 -0.002926737070083618 0.0013845153152942657 0.14545360207557678 0.15848466753959656 0.02440539002418518 0.05234833061695099 -0.1664324551820755 0.004067767411470413 0.25140509009361267 -0.0712292492389679 -0.02929249405860901 0.16374629735946655 -0.023838099092245102 0.08680844306945801 0.03073567897081375 0.04349158704280853 -0.1022207960486412 0.05530273914337158 -0.14595544338226318 -0.019872084259986877 0.08408579230308533 0.0024640560150146484 -0.04048646613955498 0.10314059257507324 -0.10036931931972504 0.11089669913053513 -0.04306630417704582 0.03773356229066849 0.02410586178302765 -0.043857283890247345 -0.10426773130893707 -0.04569309949874878 0.1363353133201599 -0.20500248670578003 0.11571839451789856 0.15676946938037872 0.10020036995410919 0.108329176902771 0.16108058393001556 0.06647229194641113 -0.035191960632801056 -0.04967509210109711 -0.2583742141723633 -0.02788814902305603 0.04452031850814819 -0.018377527594566345 0.062337882816791534 -0.02597649022936821 Lily
-0.03763961046934128 0.007632024586200714 0.06739559024572372 -0.061067014932632446 -0.12909376621246338 -0.043033353984355927 -0.07093757390975952 -0.10321633517742157 0.11754834651947021 -0.17841827869415283 0.21447065472602844 -0.07840719819068909 -0.20846211910247803 -0.03486958146095276 -0.07555495202541351 0.20855873823165894 -0.1682194471359253 -0.15349358320236206 -0.08131159842014313 -0.04032047465443611 0.05328633636236191 0.04227134957909584 -0.0021555647253990173 0.0036489367485046387 -0.1020946130156517 -0.3608618378639221 -0.09434989094734192 -0.016530171036720276 -0.04740186780691147 -0.053525615483522415 -0.07234613597393036 0.10178875178098679 -0.16916391253471375 -0.01960699073970318 0.04101650044322014 0.13374149799346924 -0.010899672284722328 -0.11851012706756592 0.1311236172914505 -0.001428849995136261 -0.2642159163951874 0.02499490976333618 0.08600792288780212 0.2201610505580902 0.19605639576911926 -0.013366401195526123 0.015980511903762817 -0.11033223569393158 0.1139996349811554 -0.17776548862457275 -0.0020280927419662476 0.1229255348443985 0.03877665847539902 0.024459943175315857 0.04225008934736252 -0.09512834995985031 0.012120991945266724 0.13348142802715302 -0.039871588349342346 -0.0329747274518013 0.10354594141244888 -0.1336524784564972 -0.04576791822910309 -0.1440349966287613 0.152214914560318 0.02746574953198433 -0.10131407529115677 -0.2053229808807373 0.08205921202898026 -0.16392633318901062 -0.11499956250190735 0.04518551006913185 -0.15523813664913177 -0.16180692613124847 -0.31934794783592224 -0.02333124727010727 0.36101120710372925 0.09708938002586365 -0.17563804984092712 0.09237077832221985 0.025523196905851364 0.022627204656600952 0.16065354645252228 0.18216785788536072 0.04990725219249725 0.07890032231807709 -0.14727917313575745 0.01658736914396286 0.24914604425430298 -0.08948596566915512 -0.02443058043718338 0.18587009608745575 -0.04893006384372711 0.06333069503307343 0.03656279668211937 0.024017244577407837 -0.07977394759654999 0.042641885578632355 -0.1498050093650818 0.0014435946941375732 0.0737328827381134 -0.020233117043972015 -0.06676026433706284 0.08234257251024246 -0.09292450547218323 0.08608746528625488 -0.0584726519882679 0.05345195531845093 0.03447388857603073 -0.06723722815513611 -0.08839370310306549 -0.05867929011583328 0.13073880970478058 -0.19007635116577148 0.08745737373828888 0.18317481875419617 0.030741706490516663 0.11318805068731308 0.15397152304649353 0.08396919071674347 -0.031783394515514374 -0.008896708488464355 -0.26301154494285583 -0.039509400725364685 0.06732311844825745 -0.003462880849838257 0.06546216458082199 -0.014874033629894257 Lily
-0.06718603521585464 0.014383453875780106 0.05630813539028168 -0.04535668343305588 -0.11955844610929489 -0.05349433794617653 -0.0967942550778389 -0.09177906811237335 0.10722760111093521 -0.15995043516159058 0.2274065762758255 -0.07869373261928558 -0.2091858685016632 -0.056770503520965576 -0.09879237413406372 0.22407853603363037 -0.19011138379573822 -0.14479586482048035 -0.03935125097632408 -0.028468340635299683 0.056431353092193604 0.007224366068840027 -0.02394377440214157 0.023291438817977905 -0.10734841227531433 -0.3542788028717041 -0.09504596143960953 -0.0070868730545043945 -0.05148213729262352 -0.08422094583511353 -0.0343097560107708 0.07163314521312714 -0.13870111107826233 0.010767009109258652 0.04100707173347473 0.14108479022979736 -0.0060533322393894196 -0.10862807184457779 0.13160265982151031 0.002847554162144661 -0.2653629183769226 0.0020260289311408997 0.07254616171121597 0.23199975490570068 0.21171873807907104 0.0016015246510505676 0.007859908044338226 -0.14001746475696564 0.13428063690662384 -0.193094864487648 -0.007551521062850952 0.12152768671512604 0.026277072727680206 0.023333363234996796 0.029459550976753235 -0.11111006140708923 0.023538127541542053 0.1315336972475052 -0.0842447429895401 -0.06299792975187302 0.07433858513832092 -0.12458628416061401 -0.008957825601100922 -0.10910484194755554 0.14068907499313354 0.03851059824228287 -0.09971947968006134 -0.24053357541561127 0.10472894459962845 -0.20354892313480377 -0.10054119676351547 0.07017534971237183 -0.11094992607831955 -0.18386772274971008 -0.36528074741363525 -0.03329292684793472 0.35064154863357544 0.11368418484926224 -0.1506781280040741 0.08425240963697433 0.019623029977083206 -0.005007952451705933 0.15389198064804077 0.16926632821559906 0.03549926355481148 0.05181631073355675 -0.17253543436527252 -0.01840159296989441 0.24724054336547852 -0.07858502119779587 -0.021454758942127228 0.16635549068450928 -0.036421120166778564 0.06320759654045105 0.03872025012969971 0.04171667993068695 -0.11122173815965652 0.07003350555896759 -0.13707154989242554 -0.020659171044826508 0.03870270401239395 0.001217678189277649 -0.030199404805898666 0.08819977194070816 -0.10008980333805084 0.11036473512649536 -0.051504723727703094 0.032112643122673035 -0.0029236972332000732 -0.062307342886924744 -0.10437720268964767 -0.04944252967834473 0.13770461082458496 -0.21053484082221985 0.09382034838199615 0.18202802538871765 0.08137153834104538 0.12417575716972351 0.16934111714363098 0.06975230574607849 -0.0497407391667366 -0.03730131685733795 -0.23017293214797974 -0.00682782381772995 0.019020527601242065 -0.025125861167907715 0.06984133273363113 -0.015994910150766373 Lily
-0.0661228746175766 -0.004911728203296661 0.02864862233400345 -0.03755214065313339 -0.1532340943813324 -0.07343529909849167 -0.0743606835603714 -0.09873597323894501 0.0989045798778534 -0.1574523001909256 0.20732401311397552 -0.0981488898396492 -0.21184800565242767 -0.02608758583664894 -0.09649185836315155 0.20744597911834717 -0.19008243083953857 -0.13013856112957 -0.051065653562545776 -0.05187874287366867 0.06101805716753006 0.010575033724308014 -0.01603270322084427 0.033697113394737244 -0.086626797914505 -0.3574184775352478 -0.0890636146068573 -0.02224055677652359 -0.045663535594940186 -0.08416536450386047 -0.029441360384225845 0.08218701928853989 -0.13409662246704102 0.0034105367958545685 0.036634959280490875 0.11484096199274063 0.013237295672297478 -0.13122142851352692 0.13453108072280884 -0.03699828311800957 -0.26775699853897095 0.0001380518078804016 0.08945241570472717 0.2079371064901352 0.17169485986232758 -0.003337092697620392 0.002171359956264496 -0.1352090835571289 0.14246299862861633 -0.1803339272737503 -0.019463922828435898 0.1073940098285675 -0.003209918737411499 0.005918597802519798 0.023152820765972137 -0.1028008982539177 0.01673606038093567 0.1335669457912445 -0.07862702757120132 -0.061391618102788925 0.08192263543605804 -0.1114499568939209 -0.0390348806977272 -0.13844767212867737 0.16308683156967163 0.055560581386089325 -0.09901835769414902 -0.22814515233039856 0.10544311255216599 -0.19845682382583618 -0.11903822422027588 0.05727135017514229 -0.11782129853963852 -0.17655731737613678 -0.3337481617927551 -0.024578697979450226 0.3747425079345703 0.1080571785569191 -0.1409965455532074 0.08827497065067291 0.01200319454073906 0.010711804032325745 0.16409558057785034 0.1690230369567871 0.033629611134529114 0.05785873532295227 -0.16305619478225708 0.004236545413732529 0.24494454264640808 -0.0761718600988388 -0.04252365231513977 0.16599588096141815 -0.033661819994449615 0.07910941541194916 0.0361514687538147 0.04728896915912628 -0.1068432405591011 0.06121034175157547 -0.14017927646636963 -0.009059548377990723 0.09904035180807114 0.004516929388046265 -0.03518889471888542 0.09778739511966705 -0.08963166177272797 0.0953499972820282 -0.058349914848804474 0.03924679011106491 0.022864967584609985 -0.04960833489894867 -0.08948332071304321 -0.03983723372220993 0.1227925717830658 -0.20814961194992065 0.1087605208158493 0.1605880707502365 0.07779577374458313 0.12892183661460876 0.1424330472946167 0.060866355895996094 -0.03697050362825394 -0.039041027426719666 -0.25654304027557373 -0.02146337926387787 0.055585190653800964 -0.013781324028968811 0.06376978754997253 -0.015513364225625992 Lily
-0.04551560431718826 0.006966445595026016 0.06639289855957031 -0.062217459082603455 -0.1265905797481537 -0.054195791482925415 -0.06530298292636871 -0.0870523601770401 0.09247758239507675 -0.18196997046470642 0.20536158978939056 -0.08100022375583649 -0.20917198061943054 -0.024360015988349915 -0.08028601109981537 0.20091697573661804 -0.15939363837242126 -0.13993796706199646 -0.08297333121299744 -0.05451994016766548 0.059237439185380936 0.03580154851078987 -0.019744407385587692 0.009647846221923828 -0.07753969728946686 -0.3236812353134155 -0.08646326512098312 0.004937306046485901 -0.04180542007088661 -0.05129177123308182 -0.05314226448535919 0.0854637622833252 -0.15544599294662476 -0.008326828479766846 0.03725655376911163 0.1141686961054802 -0.0010357089340686798 -0.1179627999663353 0.13535244762897491 -0.01628461480140686 -0.2500409781932831 0.02154693752527237 0.08497490733861923 0.22870339453220367 0.2002825140953064 -0.017306536436080933 0.0011555403470993042 -0.1319904923439026 0.12314552813768387 -0.1912509799003601 0.013590559363365173 0.11436054855585098 0.03712576627731323 0.02675279602408409 0.03979182988405228 -0.09867169708013535 0.020860888063907623 0.14943856000900269 -0.0487339124083519 -0.03586629778146744 0.08835338056087494 -0.12517830729484558 -0.04107002168893814 -0.1568957269191742 0.1573348343372345 0.022993668913841248 -0.12252474576234818 -0.2094794511795044 0.06961490958929062 -0.16234534978866577 -0.11183715611696243 0.05725332349538803 -0.13903963565826416 -0.1520998477935791 -0.33675655722618103 -0.003293275833129883 0.3627470135688782 0.09482575207948685 -0.1654406636953354 0.08826132118701935 0.018253818154335022 0.008488230407238007 0.1657731831073761 0.1781240999698639 0.029712596908211708 0.041695736348629 -0.13007226586341858 0.02582363784313202 0.23750971257686615 -0.08299887180328369 -0.044166259467601776 0.17290306091308594 -0.04574395716190338 0.05068904161453247 0.017966214567422867 0.049368858337402344 -0.07989302277565002 0.05323159694671631 -0.13487443327903748 0.01399967074394226 0.08491206169128418 -0.03333921730518341 -0.060873501002788544 0.09241028130054474 -0.11434631049633026 0.09159091860055923 -0.05904752388596535 0.0512225367128849 0.04072254151105881 -0.08438905328512192 -0.09988722950220108 -0.03192290663719177 0.12642022967338562 -0.2117915004491806 0.09391099959611893 0.17542020976543427 0.05133388191461563 0.11355014890432358 0.15390971302986145 0.07093784213066101 -0.02053234726190567 -0.022035300731658936 -0.25620901584625244 -0.024537600576877594 0.07695234566926956 -0.0048467665910720825 0.07232452929019928 -0.007096141576766968 Lily
-0.038363292813301086 0.007556498050689697 0.05874958634376526 -0.05691690742969513 -0.11992692202329636 -0.03924602270126343 -0.07074029743671417 -0.09057694673538208 0.09676394611597061 -0.17310106754302979 0.2056693732738495 -0.07065656036138535 -0.2039380818605423 -0.026144642382860184 -0.08138398826122284 0.19425655901432037 -0.17018316686153412 -0.13239824771881104 -0.06874463707208633 -0.059576667845249176 0.060491450130939484 0.03529506176710129 -0.02525349147617817 0.011474207043647766 -0.08420631289482117 -0.34767118096351624 -0.08128706365823746 -0.00946003943681717 -0.042028918862342834 -0.04771837964653969 -0.059360917657613754 0.07415010035037994 -0.1661149114370346 -0.00020894408226013184 0.021366123110055923 0.10811645537614822 -0.01281358115375042 -0.12593086063861847 0.12620459496974945 -0.010835748165845871 -0.23567014932632446 0.018073618412017822 0.08576652407646179 0.21572406589984894 0.19731977581977844 -0.01910915970802307 0.012116782367229462 -0.1104067713022232 0.1233835369348526 -0.18991786241531372 -0.01220279186964035 0.11076346039772034 0.032502010464668274 0.03063071146607399 0.02002613991498947 -0.10005407780408859 0.00896088033914566 0.14017246663570404 -0.05254596099257469 -0.01961255446076393 0.07863236963748932 -0.14114192128181458 -0.04704810306429863 -0.1382519155740738 0.16706910729408264 0.04864935949444771 -0.1051912009716034 -0.21324418485164642 0.08004800230264664 -0.17811550199985504 -0.11255476623773575 0.03249455243349075 -0.12972016632556915 -0.16081801056861877 -0.31477653980255127 -0.00484592467546463 0.3487442135810852 0.10912889987230301 -0.16843384504318237 0.0893714651465416 0.008942525833845139 0.02412797510623932 0.18246997892856598 0.17359404265880585 0.04265653342008591 0.04935272037982941 -0.14630155265331268 0.016933273524045944 0.2498435378074646 -0.08241072297096252 -0.03700289502739906 0.18312285840511322 -0.04899625852704048 0.06682296097278595 0.027703993022441864 0.03400103747844696 -0.09585195779800415 0.05912362039089203 -0.13617751002311707 0.008060269057750702 0.07833321392536163 -0.021419785916805267 -0.04334554076194763 0.08894996345043182 -0.09232252836227417 0.09304125607013702 -0.06238570064306259 0.05784338340163231 0.05179470404982567 -0.07168827950954437 -0.0928490161895752 -0.0508018434047699 0.12344357371330261 -0.1906350702047348 0.10164818167686462 0.1683007925748825 0.04760532081127167 0.13055086135864258 0.1548868715763092 0.07963854819536209 -0.026919692754745483 -0.022358402609825134 -0.2645738124847412 -0.018571704626083374 0.06311646103858948 -0.002615824341773987 0.06552551686763763 -0.014648552983999252 Lily
-0.02156725525856018 0.08366645872592926 0.04437217488884926 -0.031587518751621246 -0.12200289219617844 -0.07630958408117294 -0.07636785507202148 -0.15198418498039246 0.07800643891096115 -0.140060156583786 0.22730359435081482 -0.08022210001945496 -0.18191897869110107 -0.062481898814439774 -0.061858803033828735 0.1813986599445343 -0.17479504644870758 -0.1481035351753235 -0.07664282619953156 -0.029783621430397034 0.08616913110017776 0.05586373060941696 0.042031675577163696 0.04578092694282532 -0.07204943895339966 -0.34922540187835693 -0.08037973940372467 -0.04007699340581894 0.0028184130787849426 -0.051955338567495346 -0.038998737931251526 0.07529450953006744 -0.181088387966156 -0.029436379671096802 0.036240510642528534 0.07529360055923462 -0.0012579504400491714 -0.09904561936855316 0.18581245839595795 -0.03285640478134155 -0.26417213678359985 0.06344856321811676 0.08433307707309723 0.24105660617351532 0.21205230057239532 -0.029481545090675354 0.022679999470710754 -0.1270846128463745 0.10735518485307693 -0.14848452806472778 0.011112228035926819 0.12217478454113007 0.044970013201236725 0.01641722023487091 0.009335510432720184 -0.11760351061820984 0.009504750370979309 0.14538955688476562 -0.08930528163909912 -0.014427803456783295 0.10489408671855927 -0.13239333033561707 -0.02284473180770874 -0.1108136996626854 0.17699971795082092 0.014033697545528412 -0.09231365472078323 -0.20190858840942383 0.04663505405187607 -0.17602437734603882 -0.09590388089418411 0.07605710625648499 -0.15168213844299316 -0.15836772322654724 -0.3161001205444336 -0.006210394203662872 0.36533308029174805 0.07972085475921631 -0.18110358715057373 0.1034124344587326 0.017172837629914284 0.017466504126787186 0.1689375638961792 0.1597318798303604 0.02147926762700081 0.047644950449466705 -0.14571672677993774 0.03482766076922417 0.24176456034183502 -0.07898899167776108 -0.04689618945121765 0.2233181744813919 -0.04003560170531273 0.056782156229019165 0.05212649703025818 0.02110007405281067 -0.06691834330558777 0.04726157337427139 -0.1464466154575348 0.02763804793357849 0.03624947369098663 -0.03778034448623657 -0.05624130740761757 0.06949956715106964 -0.12187588214874268 0.07344284653663635 -0.04697495326399803 0.05216161906719208 0.016865897923707962 -0.06890776008367538 -0.1012047529220581 -0.05734884738922119 0.13829851150512695 -0.20331653952598572 0.14740779995918274 0.16473627090454102 0.06728315353393555 0.1298518180847168 0.1459779590368271 0.06713023036718369 -0.0209234356880188 -0.02181747555732727 -0.23820534348487854 -0.0034865178167819977 0.1194334328174591 -0.019211016595363617 0.10647068917751312 -0.013424869626760483 Lily
-0.04622085392475128 0.01510879397392273 0.07617548853158951 -0.06407597661018372 -0.11585481464862823 -0.04780188202857971 -0.07998926937580109 -0.10378096252679825 0.10672523826360703 -0.1668580174446106 0.2126057893037796 -0.08320065587759018 -0.20610827207565308 -0.03762596845626831 -0.09020526707172394 0.20189911127090454 -0.17827624082565308 -0.13602995872497559 -0.0656171441078186 -0.03821522742509842 0.06167005002498627 0.02250928431749344 -0.023039914667606354 -0.002224639058113098 -0.10839078575372696 -0.34916386008262634 -0.09400537610054016 -0.0061734989285469055 -0.062220409512519836 -0.052426356822252274 -0.053204603493213654 0.0824689120054245 -0.1581234335899353 0.004530571401119232 0.024296462535858154 0.11216423660516739 -0.008159641176462173 -0.13212594389915466 0.12097335606813431 -0.007004614919424057 -0.2506887912750244 0.018766433000564575 0.08306218683719635 0.21614515781402588 0.2115326225757599 -0.02209041267633438 0.006263770163059235 -0.1029619500041008 0.11894603818655014 -0.18951399624347687 -0.03590938076376915 0.11456872522830963 0.023021608591079712 0.03149532526731491 0.029401175677776337 -0.09613671898841858 0.01518315076828003 0.13280442357063293 -0.05711786448955536 -0.04244689643383026 0.07530175894498825 -0.15047024190425873 -0.05945855379104614 -0.14279691874980927 0.1440211832523346 0.04302479699254036 -0.11395999044179916 -0.21080254018306732 0.07533194869756699 -0.17390745878219604 -0.10263989120721817 0.0425257682800293 -0.139587864279747 -0.17584821581840515 -0.3196578323841095 -0.01655447483062744 0.3450236916542053 0.10999038815498352 -0.1788969784975052 0.08486993610858917 0.02568284422159195 0.029572896659374237 0.1678057610988617 0.17599207162857056 0.05297502502799034 0.06739679723978043 -0.14317630231380463 0.006154991686344147 0.24215179681777954 -0.09205537289381027 -0.027494259178638458 0.19001837074756622 -0.05239160358905792 0.059154994785785675 0.01987621560692787 0.023598477244377136 -0.0776616707444191 0.0608195886015892 -0.13378140330314636 0.01238057017326355 0.0868823230266571 -0.02011505514383316 -0.05125122517347336 0.07707680016756058 -0.09658725559711456 0.09400651603937149 -0.04604557529091835 0.053384020924568176 0.03698865696787834 -0.08566004782915115 -0.08820600807666779 -0.03925052285194397 0.13440078496932983 -0.20695415139198303 0.09413650631904602 0.18993255496025085 0.0422603040933609 0.12394388020038605 0.15243709087371826 0.06796036660671234 -0.03234804421663284 -0.011180654168128967 -0.2431354820728302 -0.030187610536813736 0.0516689270734787 -0.008836627006530762 0.0628269612789154 -0.0272318497300148 Lily
-0.0427706241607666 0.012875676155090332 0.034243129193782806 -0.0677938461303711 -0.1522499918937683 -0.04788989946246147 -0.08096231520175934 -0.09775188565254211 0.10199837386608124 -0.17101775109767914 0.22767245769500732 -0.07432110607624054 -0.21673768758773804 -0.04573296755552292 -0.09206543862819672 0.20347853004932404 -0.1981324851512909 -0.14953525364398956 -0.05555951967835426 -0.034594886004924774 0.06771942973136902 0.01510816439986229 -0.008740678429603577 0.018651723861694336 -0.10972388833761215 -0.35427623987197876 -0.08663108944892883 -0.006776563823223114 -0.056918930262327194 -0.0857868641614914 -0.0389520600438118 0.0909256562590599 -0.1562662124633789 0.0022163763642311096 0.02830951288342476 0.0992661863565445 0.0020689889788627625 -0.103376105427742 0.13092923164367676 0.0025184638798236847 -0.26431307196617126 0.002508014440536499 0.07366578280925751 0.2200126349925995 0.193276509642601 -0.0030433088541030884 0.011500164866447449 -0.14928340911865234 0.12731918692588806 -0.20780214667320251 -0.015553988516330719 0.12283486127853394 0.005320422351360321 0.015645302832126617 0.00658908486366272 -0.11076784133911133 0.026715531945228577 0.12550164759159088 -0.0816335454583168 -0.04430273920297623 0.09353464096784592 -0.13370074331760406 -0.030711591243743896 -0.13375234603881836 0.1725739687681198 0.03453322499990463 -0.10531085729598999 -0.22493426501750946 0.09950019419193268 -0.1756872981786728 -0.11402548849582672 0.06692589074373245 -0.129131481051445 -0.18928036093711853 -0.35219889879226685 -0.0199563130736351 0.3712230324745178 0.12635640799999237 -0.14574182033538818 0.07977522909641266 -0.00433759018778801 0.01741272583603859 0.15797898173332214 0.16712091863155365 0.02382267639040947 0.06364286690950394 -0.1669882982969284 0.029659122228622437 0.24271456897258759 -0.08674599230289459 -0.04087328165769577 0.19140486419200897 -0.02639000490307808 0.09670613706111908 0.04230281338095665 0.0508420467376709 -0.1011040061712265 0.06372097879648209 -0.15144982933998108 0.011909514665603638 0.05796528607606888 -0.002477124333381653 -0.030200473964214325 0.10699351131916046 -0.0702524334192276 0.10369618237018585 -0.06592704355716705 0.028438862413167953 -0.004387132823467255 -0.07420606911182404 -0.08599571138620377 -0.05970016121864319 0.11340350657701492 -0.20812669396400452 0.09286043047904968 0.1803971379995346 0.09867309033870697 0.1292329728603363 0.15758539736270905 0.060181137174367905 -0.0492352694272995 -0.041775330901145935 -0.2544911503791809 0.00241054967045784 0.05882060527801514 -0.023240827023983 0.07561666518449783 -0.017099231481552124 Lily
-0.05218864604830742 0.029323577880859375 0.05807777866721153 -0.02949441224336624 -0.12681439518928528 -0.0421331524848938 -0.06037595495581627 -0.11067849397659302 0.08321454375982285 -0.14684748649597168 0.21093778312206268 -0.08377425372600555 -0.20238810777664185 -0.06351852416992188 -0.07389739900827408 0.18998518586158752 -0.1566951870918274 -0.16260090470314026 -0.0730009526014328 -0.0474647581577301 0.04939960315823555 0.042560528963804245 0.011831190437078476 0.0004323124885559082 -0.0858723372220993 -0.3473643660545349 -0.07755355536937714 -0.018294543027877808 -0.008374905213713646 -0.0570409782230854 -0.05008729547262192 0.08475356549024582 -0.15835437178611755 -0.016659315675497055 0.05357660725712776 0.10841383039951324 -0.00563463568687439 -0.09395724534988403 0.1798802614212036 -0.01680215634405613 -0.24962671101093292 0.03034517914056778 0.10573673993349075 0.24505290389060974 0.22280941903591156 -0.02851834148168564 0.0005245506763458252 -0.09986530989408493 0.10875178873538971 -0.1591009497642517 0.0046479105949401855 0.1331813931465149 0.0631982609629631 0.010670199990272522 0.04262382164597511 -0.10071980953216553 0.0016681104898452759 0.13463914394378662 -0.05646299198269844 -0.019782237708568573 0.10269409418106079 -0.11258363723754883 -0.04749446362257004 -0.11717207729816437 0.13502813875675201 -0.006062578409910202 -0.10093472898006439 -0.2236499786376953 0.06509506702423096 -0.18418674170970917 -0.09927014261484146 0.05986076593399048 -0.1399054378271103 -0.15833401679992676 -0.3131314814090729 -0.02070809155702591 0.3509233593940735 0.09727009385824203 -0.19124338030815125 0.10090632736682892 0.04487604647874832 0.0006099902093410492 0.1705988049507141 0.16254176199436188 0.021857161074876785 0.05935666710138321 -0.15507987141609192 -0.004847440868616104 0.22130918502807617 -0.05916919559240341 -0.04103914275765419 0.18510931730270386 -0.03456852585077286 0.048350222408771515 0.0563112236559391 0.022409096360206604 -0.07680746912956238 0.04054005444049835 -0.16426968574523926 -0.010200165212154388 0.0467701181769371 -0.04242821782827377 -0.04717472940683365 0.07507545500993729 -0.10239173471927643 0.09586910903453827 -0.053919561207294464 0.06835466623306274 0.00992605835199356 -0.06812021136283875 -0.10253755748271942 -0.03200449049472809 0.1366712898015976 -0.19916479289531708 0.08527491986751556 0.16954290866851807 0.042038656771183014 0.1105421930551529 0.18213360011577606 0.0639534592628479 -0.013265758752822876 0.010107837617397308 -0.23627707362174988 -0.034357573837041855 0.04669274389743805 -0.02960296720266342 0.09156814962625504 -0.002158418297767639 Lily
-0.037074193358421326 0.02159838005900383 0.05947830528020859 -0.04784897714853287 -0.1224077045917511 -0.044654481112957 -0.06816145777702332 -0.09807130694389343 0.10704654455184937 -0.15546907484531403 0.20611633360385895 -0.06408819556236267 -0.2226155400276184 -0.03145249933004379 -0.08225086331367493 0.2061191201210022 -0.1601804941892624 -0.15808288753032684 -0.0661461129784584 -0.03521664813160896 0.05798987299203873 0.021369218826293945 0.001217380166053772 0.01444193720817566 -0.08611121028661728 -0.3427717089653015 -0.09629184007644653 -0.006940223276615143 -0.04475095868110657 -0.052759118378162384 -0.05120547115802765 0.08085525035858154 -0.15997029840946198 0.0034223273396492004 0.030532483011484146 0.12332040816545486 -0.019815992563962936 -0.12949179112911224 0.15594622492790222 -0.006614863872528076 -0.2586679458618164 0.014309123158454895 0.08183901011943817 0.2228950709104538 0.2025526463985443 -0.029321730136871338 0.023762360215187073 -0.12027350068092346 0.11368931084871292 -0.19724474847316742 0.004807107150554657 0.12981273233890533 0.04666696488857269 0.031649962067604065 0.017508625984191895 -0.08978189527988434 0.012177951633930206 0.13824693858623505 -0.05361837148666382 -0.030084330588579178 0.09954890608787537 -0.12711675465106964 -0.058109041303396225 -0.14667412638664246 0.1445363610982895 0.04292413219809532 -0.1099986657500267 -0.22291024029254913 0.078862264752388 -0.19101272523403168 -0.12663736939430237 0.053775589913129807 -0.13702750205993652 -0.17294280230998993 -0.32680198550224304 -0.016728386282920837 0.3505120873451233 0.10681303590536118 -0.16879749298095703 0.09031819552183151 0.015753820538520813 0.020376726984977722 0.15370114147663116 0.1692250370979309 0.036371972411870956 0.06182340532541275 -0.16074241697788239 0.010155994445085526 0.2605254650115967 -0.09835071861743927 -0.03295425698161125 0.18497344851493835 -0.03145747631788254 0.07490627467632294 0.027229562401771545 0.045650944113731384 -0.059003934264183044 0.05797490477561951 -0.15479439496994019 0.015571385622024536 0.06550223380327225 -0.01864999532699585 -0.05747916176915169 0.06786894798278809 -0.0974254310131073 0.09219883382320404 -0.04594593495130539 0.050599418580532074 0.03683068975806236 -0.07351261377334595 -0.1207205280661583 -0.0551779642701149 0.14138877391815186 -0.197954922914505 0.0967060774564743 0.1818585991859436 0.04783973842859268 0.1062854677438736 0.17147698998451233 0.08858116716146469 -0.023959346115589142 -0.03517884016036987 -0.2554096281528473 -0.025631092488765717 0.06623043119907379 3.434717655181885e-05 0.05419650673866272 -0.007064539939165115 Lily
-0.055798597633838654 0.03079359233379364 0.07728078961372375 -0.04799617826938629 -0.1269770711660385 -0.06253420561552048 -0.09534992277622223 -0.09131275117397308 0.1170467808842659 -0.15183956921100616 0.23762403428554535 -0.08650097995996475 -0.19711168110370636 -0.04656900092959404 -0.09339870512485504 0.21373583376407623 -0.19853553175926208 -0.1665210872888565 -0.052251119166612625 -0.01436704397201538 0.06848303973674774 0.020946193486452103 -0.018570085987448692 0.021182194352149963 -0.126691073179245 -0.3554268181324005 -0.09058360755443573 -0.0024971291422843933 -0.051323603838682175 -0.08613041788339615 -0.018331103026866913 0.08351926505565643 -0.15026059746742249 0.011773843318223953 0.04737716168165207 0.13360853493213654 0.0064017754048109055 -0.10777595639228821 0.12582087516784668 -0.007643282413482666 -0.28837740421295166 0.033565036952495575 0.07449738681316376 0.2343147099018097 0.19978702068328857 -0.008337154984474182 0.006190784275531769 -0.14447876811027527 0.13287295401096344 -0.18529143929481506 -0.0210769921541214 0.14255641400814056 0.016973301768302917 0.010614385828375816 0.03450782224535942 -0.09966187179088593 0.03288527578115463 0.12879425287246704 -0.0892731249332428 -0.06184108182787895 0.09462825953960419 -0.12835440039634705 -0.009221933782100677 -0.12023971974849701 0.11566421389579773 0.018026161938905716 -0.09007611870765686 -0.24106232821941376 0.08855092525482178 -0.18109804391860962 -0.10417791455984116 0.09125114977359772 -0.12980861961841583 -0.1807366907596588 -0.36297065019607544 -0.04589575529098511 0.3856765031814575 0.09739343076944351 -0.15371687710285187 0.10619348287582397 0.02256956323981285 0.01293085515499115 0.13268005847930908 0.1607375144958496 0.020765922963619232 0.07253114879131317 -0.19134199619293213 0.01752185821533203 0.24468418955802917 -0.07239790260791779 -0.020152296870946884 0.1650438904762268 -0.027707096189260483 0.05995982512831688 0.0443730428814888 0.033140361309051514 -0.10351718217134476 0.055146366357803345 -0.1518886238336563 -0.021871797740459442 0.035590097308158875 0.017862796783447266 -0.04643843322992325 0.08326837420463562 -0.09555299580097198 0.11028336733579636 -0.039940983057022095 0.026152856647968292 -0.01780940592288971 -0.047026194632053375 -0.08319450914859772 -0.04185947775840759 0.12663717567920685 -0.21025988459587097 0.08145460486412048 0.17081929743289948 0.08969327062368393 0.11534872651100159 0.1572808176279068 0.057059332728385925 -0.06778086721897125 -0.02856815606355667 -0.22253096103668213 -0.016343772411346436 0.022386685013771057 -0.019140981137752533 0.0908803939819336 -0.018490314483642578 Lily
-0.04019413888454437 0.02236279472708702 0.019993659108877182 -0.06159728765487671 -0.15740978717803955 -0.05556187778711319 -0.08083085715770721 -0.08901233971118927 0.1169719249010086 -0.16809813678264618 0.22281257808208466 -0.06733912229537964 -0.20684072375297546 -0.04522664099931717 -0.097062848508358 0.20458368957042694 -0.18947559595108032 -0.1525968760251999 -0.06646551191806793 -0.023466505110263824 0.07189920544624329 0.021453559398651123 -0.016682490706443787 0.02455119788646698 -0.0964306890964508 -0.36397770047187805 -0.07623694837093353 -0.011883385479450226 -0.06476391851902008 -0.08924978971481323 -0.029342040419578552 0.10093026608228683 -0.1527715027332306 -0.004231393337249756 0.03577389940619469 0.11275447905063629 0.0036681443452835083 -0.09644674509763718 0.13442733883857727 0.002118399366736412 -0.2689672112464905 -0.00807509571313858 0.07657262682914734 0.2281709909439087 0.18623632192611694 -0.0021051019430160522 0.014644831418991089 -0.13765719532966614 0.1188988909125328 -0.2094050943851471 -0.019992299377918243 0.11935941129922867 0.008684232831001282 0.01838533952832222 0.014525938779115677 -0.1203138455748558 0.02768486738204956 0.12188871204853058 -0.07571417093276978 -0.05838226526975632 0.08570587635040283 -0.13127589225769043 -0.047937020659446716 -0.1274229884147644 0.18477270007133484 0.040559716522693634 -0.10049907118082047 -0.21251754462718964 0.1050155982375145 -0.17865926027297974 -0.11696059256792068 0.054358743131160736 -0.12401271611452103 -0.18395593762397766 -0.33478736877441406 -0.02854018658399582 0.38651788234710693 0.12283816188573837 -0.1546083390712738 0.08362431824207306 -0.0009726546704769135 0.016969747841358185 0.15557828545570374 0.16306158900260925 0.024656809866428375 0.07058949023485184 -0.16481643915176392 0.0327850840985775 0.23967435956001282 -0.0826592892408371 -0.029618505388498306 0.1831226348876953 -0.02337847277522087 0.09291218221187592 0.041670020669698715 0.029416978359222412 -0.08401964604854584 0.07022691518068314 -0.15180617570877075 0.01177564263343811 0.06614671647548676 -0.0022499114274978638 -0.03505373001098633 0.09862981736660004 -0.07992811501026154 0.09395755082368851 -0.052921831607818604 0.03191051632165909 0.008596569299697876 -0.05913904309272766 -0.08468510210514069 -0.06633177399635315 0.1194617748260498 -0.19865450263023376 0.10087456554174423 0.17539754509925842 0.08360324800014496 0.13806146383285522 0.15280824899673462 0.06820105761289597 -0.03623799979686737 -0.04872715473175049 -0.2628149390220642 -0.001271069049835205 0.05553904175758362 -0.018711552023887634 0.0638289824128151 -0.018881503492593765 Lily
-0.037910908460617065 0.006095264106988907 0.07185668498277664 -0.05427360534667969 -0.11662930250167847 -0.047872066497802734 -0.061105869710445404 -0.09555942565202713 0.09616884589195251 -0.16752216219902039 0.21221168339252472 -0.06930243223905563 -0.2035958468914032 -0.03576341271400452 -0.08949309587478638 0.20256155729293823 -0.15934857726097107 -0.16862887144088745 -0.06621518731117249 -0.05665259063243866 0.06379649043083191 0.03256366401910782 -0.01665087416768074 0.0007925033569335938 -0.07956881821155548 -0.3293795883655548 -0.09297297894954681 2.6851892471313477e-05 -0.009941700845956802 -0.06110420450568199 -0.05270171910524368 0.09468834102153778 -0.1897309422492981 -0.007241513580083847 0.031202230602502823 0.1221507340669632 -0.0028037596493959427 -0.11285584419965744 0.14375053346157074 0.010580983012914658 -0.2420204132795334 0.02739693969488144 0.07503713667392731 0.23173023760318756 0.19654008746147156 -0.016218870878219604 0.012327790260314941 -0.1226215660572052 0.10740963369607925 -0.1773892045021057 0.008220095187425613 0.13203862309455872 0.05030583590269089 0.04324335604906082 0.011468257755041122 -0.09724490344524384 0.018782570958137512 0.13009007275104523 -0.05172966793179512 -0.01155613362789154 0.10924261063337326 -0.13394783437252045 -0.04243385046720505 -0.15310393273830414 0.1496799737215042 0.005314037203788757 -0.10867534577846527 -0.21709725260734558 0.07666295021772385 -0.16942322254180908 -0.11307187378406525 0.05813630297780037 -0.13393956422805786 -0.146945983171463 -0.31659120321273804 0.0036132559180259705 0.35812562704086304 0.10124871134757996 -0.16863638162612915 0.1013621911406517 0.01644991710782051 0.01014016568660736 0.15901008248329163 0.17414990067481995 0.03828464448451996 0.07121136784553528 -0.1431090086698532 0.014507245272397995 0.24379661679267883 -0.07458052039146423 -0.03312404081225395 0.17819088697433472 -0.05452682822942734 0.0730319544672966 0.028662651777267456 0.04301165044307709 -0.07371044903993607 0.05553048849105835 -0.135051429271698 0.004500783979892731 0.045957356691360474 -0.03198885917663574 -0.05987110733985901 0.07521794736385345 -0.08191244304180145 0.10332859307527542 -0.06247160956263542 0.061600808054208755 0.01942354440689087 -0.07123566418886185 -0.09802374988794327 -0.045431844890117645 0.12270832061767578 -0.20539674162864685 0.10537979006767273 0.18343009054660797 0.04524680972099304 0.10746876895427704 0.16923090815544128 0.09603951126337051 -0.029235713183879852 -0.02364589273929596 -0.2551599144935608 -0.02941730245947838 0.06637425720691681 -0.012007743120193481 0.07103662937879562 -0.00625108927488327 Lily
-0.028687939047813416 0.01705029606819153 0.0674961730837822 -0.05199878662824631 -0.12086454778909683 -0.05796166881918907 -0.07145796716213226 -0.09600281715393066 0.1040370836853981 -0.16384398937225342 0.20676369965076447 -0.07717332243919373 -0.20335674285888672 -0.034434445202350616 -0.07688204199075699 0.19576093554496765 -0.16612005233764648 -0.1490129679441452 -0.0736234113574028 -0.047094255685806274 0.06281302869319916 0.032597530633211136 0.0027778223156929016 0.00675828754901886 -0.08313349634408951 -0.3497283458709717 -0.09640331566333771 -0.01648274064064026 -0.025110742077231407 -0.05699324235320091 -0.06038746237754822 0.09330117702484131 -0.16774481534957886 -0.01775096170604229 0.03472331538796425 0.12293519824743271 -0.007013160735368729 -0.1163468062877655 0.14948678016662598 -0.005214091390371323 -0.2438521683216095 0.024903319776058197 0.07024434953927994 0.2277047336101532 0.20395714044570923 -0.014234766364097595 0.01769891381263733 -0.11174151301383972 0.10903628170490265 -0.17777517437934875 0.002299424260854721 0.12345776706933975 0.04876317083835602 0.03095288574695587 0.02390477806329727 -0.09406129270792007 0.02031305432319641 0.13542038202285767 -0.059483934193849564 -0.030041858553886414 0.1047629714012146 -0.14195872843265533 -0.044113971292972565 -0.14368852972984314 0.15998677909374237 0.022614452987909317 -0.10992906987667084 -0.20110303163528442 0.0673811137676239 -0.17699870467185974 -0.10476787388324738 0.04533819109201431 -0.13843455910682678 -0.14826956391334534 -0.31682291626930237 -0.01647048443555832 0.3712673783302307 0.09933758527040482 -0.1770397275686264 0.08845095336437225 0.013737320899963379 0.008289545774459839 0.16132976114749908 0.17768815159797668 0.03235636651515961 0.0661250650882721 -0.14682148396968842 0.01730913296341896 0.23485395312309265 -0.0844804048538208 -0.028435546904802322 0.17827701568603516 -0.046341847628355026 0.08061067759990692 0.03025301918387413 0.024231180548667908 -0.07668520510196686 0.051347240805625916 -0.13072019815444946 0.019097380340099335 0.04832754284143448 -0.032784536480903625 -0.06325803697109222 0.0735655203461647 -0.09158198535442352 0.09527789056301117 -0.05691416561603546 0.05275774747133255 0.02843041718006134 -0.07294700294733047 -0.09272298216819763 -0.05630486458539963 0.133422389626503 -0.2052653282880783 0.0827014148235321 0.1854071468114853 0.03540268540382385 0.12134061008691788 0.14993855357170105 0.09307857602834702 -0.031479038298130035 -0.0156899094581604 -0.2650620937347412 -0.021901704370975494 0.06530874222517014 -0.0068324655294418335 0.07001042366027832 -0.011443894356489182 Lily
-0.05490826070308685 0.009135525673627853 0.06884133815765381 -0.04728281497955322 -0.13375675678253174 -0.0728626474738121 -0.07283760607242584 -0.10880094766616821 0.09045490622520447 -0.16001030802726746 0.21759599447250366 -0.07614319771528244 -0.20699284970760345 -0.02089528553187847 -0.08064576983451843 0.19723159074783325 -0.1728931963443756 -0.1341325044631958 -0.07234161347150803 -0.0517573244869709 0.06010116636753082 0.04277140647172928 -0.019555937498807907 0.0011355578899383545 -0.09777030348777771 -0.34284380078315735 -0.08432285487651825 -0.008458085358142853 -0.03743080049753189 -0.04734862595796585 -0.05472506210207939 0.08828052133321762 -0.1717260777950287 -0.012911461293697357 0.042151667177677155 0.12057523429393768 -0.006452174857258797 -0.12237924337387085 0.14297866821289062 -0.0275746900588274 -0.2468862235546112 0.02049369364976883 0.09886817634105682 0.20568028092384338 0.19678530097007751 -0.028092607855796814 0.009819723665714264 -0.11360973864793777 0.11104122549295425 -0.18352541327476501 -0.012666270136833191 0.11732233315706253 0.02781607210636139 0.03555755689740181 0.029675666242837906 -0.10540495812892914 0.015792272984981537 0.1404874175786972 -0.06066318601369858 -0.03762725368142128 0.09755966067314148 -0.13298535346984863 -0.04900083690881729 -0.1328093707561493 0.15478527545928955 0.032745979726314545 -0.10393457114696503 -0.21015048027038574 0.07064343988895416 -0.18042868375778198 -0.1141456812620163 0.042509645223617554 -0.1320905089378357 -0.1628919392824173 -0.3246120810508728 -0.018496066331863403 0.34717053174972534 0.09789440035820007 -0.18360862135887146 0.09665219485759735 0.02082134783267975 0.01262761652469635 0.18463212251663208 0.15179336071014404 0.05541481077671051 0.05361751466989517 -0.15101690590381622 0.014797776937484741 0.253919780254364 -0.07701344788074493 -0.029214318841695786 0.1809512823820114 -0.04032733291387558 0.05969061329960823 0.03782738000154495 0.03972253203392029 -0.08378461003303528 0.039736077189445496 -0.13912230730056763 0.01335962861776352 0.07815916836261749 -0.01888497918844223 -0.05960225313901901 0.08855144679546356 -0.09466229379177094 0.09396538138389587 -0.053730953484773636 0.05358392372727394 0.029117152094841003 -0.08032379299402237 -0.09159860759973526 -0.04241686314344406 0.12638714909553528 -0.19783666729927063 0.11960723996162415 0.16823995113372803 0.023030467331409454 0.1251997947692871 0.145114928483963 0.06585069745779037 -0.03441435098648071 -0.013015314936637878 -0.25424420833587646 -0.039403997361660004 0.06116996705532074 -0.013301566243171692 0.0759093388915062 -0.013456963002681732 Lily
-0.055659517645835876 0.016249995678663254 0.07865878194570541 -0.0424407422542572 -0.12807323038578033 -0.03732380270957947 -0.05924920737743378 -0.1108490601181984 0.09181002527475357 -0.154086634516716 0.2176438421010971 -0.09646763652563095 -0.21292130649089813 -0.048929620534181595 -0.10242775827646255 0.20883163809776306 -0.15002019703388214 -0.16937938332557678 -0.06300900876522064 -0.04204009473323822 0.05033181235194206 0.03603034466505051 0.015350036323070526 0.00011499226093292236 -0.09382980316877365 -0.3386341631412506 -0.09290918707847595 -0.012393414974212646 -0.020873375236988068 -0.06353792548179626 -0.03083765134215355 0.08001326024532318 -0.1594490110874176 -2.913177013397217e-06 0.042980924248695374 0.0944337323307991 -0.013148434460163116 -0.11167125403881073 0.18291494250297546 -0.014149175025522709 -0.25551196932792664 0.02052968740463257 0.09085167944431305 0.23810911178588867 0.20317193865776062 -0.009924925863742828 0.009293816983699799 -0.11714782565832138 0.1103639006614685 -0.1635846197605133 -0.0015431568026542664 0.12545062601566315 0.056011125445365906 0.010760454460978508 0.015911713242530823 -0.09562178701162338 0.006698101758956909 0.15051724016666412 -0.05498545616865158 0.003332916647195816 0.09531103074550629 -0.13427770137786865 -0.04193001985549927 -0.12029055505990982 0.1455835998058319 -0.005384393036365509 -0.11389235407114029 -0.21551436185836792 0.09324085712432861 -0.17564797401428223 -0.09303022921085358 0.06973587721586227 -0.14133916795253754 -0.1657361388206482 -0.3166355788707733 -0.019830606877803802 0.3696801960468292 0.07935253530740738 -0.18561241030693054 0.07792917639017105 0.044432383030653 0.031096816062927246 0.1561334729194641 0.1849895715713501 0.014532171189785004 0.037894364446401596 -0.15700894594192505 -0.02573021501302719 0.2416674941778183 -0.08011602610349655 -0.050207190215587616 0.1877218633890152 -0.03473583981394768 0.05245666205883026 0.04249833524227142 0.03554227948188782 -0.072397381067276 0.04495612531900406 -0.13484139740467072 0.0012021362781524658 0.04901932179927826 -0.03822011500597 -0.04946112632751465 0.0808912068605423 -0.08552967011928558 0.09745267033576965 -0.06103650853037834 0.06134850159287453 0.01948167383670807 -0.05115567147731781 -0.09928858280181885 -0.05928918719291687 0.13802023231983185 -0.19914868474006653 0.08351844549179077 0.18343214690685272 0.04515443742275238 0.11399412155151367 0.17874933779239655 0.098398357629776 -0.018348433077335358 0.017031267285346985 -0.22505022585391998 -0.03762741759419441 0.05610254406929016 -0.022649824619293213 0.09039264172315598 -0.004260402172803879 Lily
-0.03257535398006439 0.009889617562294006 0.036227934062480927 -0.06112588942050934 -0.13530531525611877 -0.048667892813682556 -0.07552549242973328 -0.08573198318481445 0.1120341569185257 -0.17032326757907867 0.21699489653110504 -0.0905565470457077 -0.20822051167488098 -0.03535786643624306 -0.098259836435318 0.2037683129310608 -0.18449318408966064 -0.14139467477798462 -0.06539658457040787 -0.0403219610452652 0.06864370405673981 0.024647511541843414 -0.02966536581516266 0.024256393313407898 -0.08742211014032364 -0.3564963638782501 -0.09545369446277618 -0.008967302739620209 -0.05746031925082207 -0.09625084698200226 -0.012542568147182465 0.08469937741756439 -0.14221037924289703 0.018905188888311386 0.03696683794260025 0.09627752006053925 0.009015824645757675 -0.12143293023109436 0.12852302193641663 -0.007855402305722237 -0.2579435110092163 0.005697712302207947 0.08388307690620422 0.21703286468982697 0.1933056116104126 -0.007035151124000549 -0.004822522401809692 -0.129154235124588 0.1458224654197693 -0.18792782723903656 -0.038376737385988235 0.119260273873806 -0.0031260475516319275 0.01832123100757599 0.023890364915132523 -0.10346381366252899 0.02510281652212143 0.13541898131370544 -0.07903199642896652 -0.05360007658600807 0.07207944244146347 -0.14393918216228485 -0.048112571239471436 -0.1285073459148407 0.1484518200159073 0.035707585513591766 -0.09872926771640778 -0.2363162636756897 0.10618628561496735 -0.18964168429374695 -0.10134538263082504 0.06556832045316696 -0.13493192195892334 -0.17388442158699036 -0.32007837295532227 -0.022580355405807495 0.3896753191947937 0.11589847505092621 -0.1440921425819397 0.09179826080799103 0.02146906964480877 0.022227533161640167 0.15541291236877441 0.1690307855606079 0.028459277004003525 0.05322631075978279 -0.163235604763031 0.02509550377726555 0.23799829185009003 -0.0742398127913475 -0.03760199248790741 0.17068488895893097 -0.05067159980535507 0.08593881130218506 0.03415706381201744 0.019631043076515198 -0.10050825774669647 0.05995267629623413 -0.14363156259059906 -0.0066328272223472595 0.06413334608078003 0.0031173303723335266 -0.038047682493925095 0.09501603245735168 -0.07099603116512299 0.10499239712953568 -0.05715036392211914 0.03584142401814461 0.002563789486885071 -0.05337674915790558 -0.07894361764192581 -0.03271996229887009 0.12411089241504669 -0.1960008144378662 0.09722383320331573 0.15734250843524933 0.08579261600971222 0.12437841296195984 0.1430836021900177 0.0716119110584259 -0.0459645539522171 -0.038960687816143036 -0.25592663884162903 -0.011775601655244827 0.042204372584819794 -0.010779403150081635 0.0748186782002449 -0.04090827703475952 Lily
-0.05533210188150406 0.009049654006958008 0.06456227600574493 -0.031522735953330994 -0.14941275119781494 -0.07200005650520325 -0.08490394055843353 -0.10428200662136078 0.09342075139284134 -0.13800135254859924 0.22642488777637482 -0.1198442280292511 -0.2211194485425949 -0.03798510134220123 -0.08376957476139069 0.22305071353912354 -0.18097683787345886 -0.13832229375839233 -0.043719902634620667 -0.03860019892454147 0.05332907289266586 0.02689611166715622 -0.01122189313173294 0.042401254177093506 -0.12544092535972595 -0.35278767347335815 -0.08531972765922546 -0.0058246999979019165 -0.06541447341442108 -0.07652518898248672 -0.045273393392562866 0.10531772673130035 -0.13152529299259186 0.003704112023115158 0.06205933541059494 0.1302882432937622 0.0034840628504753113 -0.13113412261009216 0.1353820264339447 -0.028974976390600204 -0.2767655551433563 0.015768133103847504 0.10073826462030411 0.19704744219779968 0.21277590095996857 0.007637619972229004 -0.003032602369785309 -0.14040587842464447 0.13949307799339294 -0.18238574266433716 -0.022117599844932556 0.13312838971614838 0.009761765599250793 -0.005622797645628452 0.024399533867836 -0.10668577253818512 0.002556726336479187 0.14001108705997467 -0.0939066931605339 -0.08138835430145264 0.08429012447595596 -0.12749189138412476 -0.01757308840751648 -0.1467760056257248 0.12352548539638519 0.04185877740383148 -0.09774761646986008 -0.20679831504821777 0.11219215393066406 -0.1990293264389038 -0.11615593731403351 0.058047305792570114 -0.13151369988918304 -0.1884477138519287 -0.3594128489494324 -0.041593730449676514 0.36766448616981506 0.107787124812603 -0.14880241453647614 0.0891667976975441 0.05328536778688431 0.017516739666461945 0.13790982961654663 0.16491849720478058 0.025604911148548126 0.028721440583467484 -0.16334567964076996 0.000533808022737503 0.2412242591381073 -0.06929368525743484 -0.020926669239997864 0.1639644205570221 -0.03818759322166443 0.07119990140199661 0.04441443830728531 0.03945624828338623 -0.10522297024726868 0.054139479994773865 -0.14292225241661072 -0.0035612955689430237 0.047124527394771576 0.006527982652187347 -0.024697136133909225 0.10155624151229858 -0.09565441310405731 0.09921828657388687 -0.05533665791153908 0.02439948171377182 -0.0017704814672470093 -0.05483351647853851 -0.07976630330085754 -0.030568204820156097 0.12883268296718597 -0.20008352398872375 0.08485978841781616 0.1524951308965683 0.06671268492937088 0.12969788908958435 0.14334560930728912 0.07635494321584702 -0.0525108277797699 -0.03128836303949356 -0.24157482385635376 -0.03188623487949371 0.05037480592727661 -0.033872418105602264 0.09712415933609009 -0.008575119078159332 Lily
-0.0312027707695961 0.031043685972690582 0.07419706881046295 -0.022833973169326782 -0.13104180991649628 -0.021694503724575043 -0.07003113627433777 -0.11047353595495224 0.09497889876365662 -0.18104201555252075 0.21095158159732819 -0.07406587898731232 -0.20739802718162537 -0.05343317240476608 -0.09744909405708313 0.1957818865776062 -0.15168732404708862 -0.1638052612543106 -0.05762799084186554 -0.03509446978569031 0.06146494299173355 0.03916802629828453 0.013278450816869736 -0.010021403431892395 -0.09416339546442032 -0.3384714424610138 -0.08673349022865295 -0.015209972858428955 -0.05009230598807335 -0.06226860731840134 -0.042944587767124176 0.08212283253669739 -0.1419336348772049 0.011521853506565094 0.02804439514875412 0.10363547503948212 -0.009164398536086082 -0.10410506278276443 0.17659765481948853 0.005618207156658173 -0.24380674958229065 0.02589324861764908 0.08434009552001953 0.23498480021953583 0.1891569346189499 -0.04726257920265198 0.014523498713970184 -0.12634168565273285 0.11382852494716644 -0.17457854747772217 -0.011122383177280426 0.13770733773708344 0.05154255032539368 0.027410108596086502 0.024800315499305725 -0.10630598664283752 0.005060754716396332 0.130146324634552 -0.03494662791490555 -0.0002812519669532776 0.08436743915081024 -0.11789526790380478 -0.06288857758045197 -0.12448880821466446 0.12943792343139648 0.021066486835479736 -0.09977957606315613 -0.23377257585525513 0.07230616360902786 -0.1814602017402649 -0.12262535095214844 0.057625263929367065 -0.1459851861000061 -0.17179659008979797 -0.30762138962745667 -0.021178312599658966 0.35389256477355957 0.10000988095998764 -0.20068612694740295 0.07890073955059052 0.03788258135318756 0.01004810631275177 0.15118496119976044 0.1971530318260193 0.025001056492328644 0.07362353056669235 -0.15110303461551666 -0.002247903496026993 0.22553618252277374 -0.08654281497001648 -0.04064427316188812 0.19923262298107147 -0.02217772603034973 0.0754898339509964 0.05302173271775246 0.016218170523643494 -0.0706576257944107 0.05361979454755783 -0.16637453436851501 -0.0036919787526130676 0.04950462281703949 -0.05276671051979065 -0.05571466311812401 0.0688113421201706 -0.09493115544319153 0.10235267132520676 -0.05913242697715759 0.04725893214344978 0.02334161102771759 -0.05934635549783707 -0.10808531194925308 -0.04055756330490112 0.15364739298820496 -0.18112561106681824 0.07780712842941284 0.18246470391750336 0.05708497762680054 0.12231022119522095 0.1947280764579773 0.1016860157251358 -0.022000126540660858 0.008031673729419708 -0.23450937867164612 -0.02309473231434822 0.03467161953449249 -0.017431989312171936 0.048831015825271606 -0.01358048990368843 Lily
-0.05785951018333435 0.0076317936182022095 0.020747117698192596 -0.059938207268714905 -0.13148383796215057 -0.08414307236671448 -0.07942095398902893 -0.10440972447395325 0.10350572317838669 -0.14674845337867737 0.20906534790992737 -0.11511233448982239 -0.21423275768756866 -0.048207223415374756 -0.09983734786510468 0.21346765756607056 -0.20324121415615082 -0.13386619091033936 -0.04133046045899391 -0.03042546659708023 0.07069125771522522 0.005355905741453171 -0.012230036780238152 0.06505265831947327 -0.09599555283784866 -0.34405314922332764 -0.11245857179164886 -0.02283814549446106 -0.04353267326951027 -0.08516398817300797 -0.028651654720306396 0.07145047187805176 -0.13038940727710724 0.018258970230817795 0.039587512612342834 0.1266542375087738 0.0026655439287424088 -0.12907621264457703 0.14593468606472015 -0.026590347290039062 -0.27913355827331543 -0.0014724135398864746 0.09571059793233871 0.2137937843799591 0.19506949186325073 0.006606258451938629 -0.0029810890555381775 -0.13503870368003845 0.14857691526412964 -0.18681921064853668 -0.01288999617099762 0.13535955548286438 0.010139122605323792 0.0019405297935009003 0.021988824009895325 -0.08976109325885773 0.01824937015771866 0.14696547389030457 -0.09219054877758026 -0.06633226573467255 0.08506515622138977 -0.10995888710021973 -0.0486442893743515 -0.13359209895133972 0.1379513293504715 0.059538714587688446 -0.115597665309906 -0.23234117031097412 0.11231227219104767 -0.22416424751281738 -0.12407742440700531 0.07430602610111237 -0.12182595580816269 -0.18652290105819702 -0.34355926513671875 -0.038876697421073914 0.3862472474575043 0.11333604156970978 -0.12780258059501648 0.09928762167692184 0.024601679295301437 0.004146933555603027 0.15507349371910095 0.16976460814476013 0.01718246191740036 0.05615438520908356 -0.16948577761650085 0.012427441775798798 0.24086260795593262 -0.08458440005779266 -0.019835062325000763 0.16398559510707855 -0.03554723411798477 0.09343595057725906 0.021192267537117004 0.04030393064022064 -0.08800904452800751 0.06943464279174805 -0.13257145881652832 0.003936693072319031 0.09219764173030853 0.009312503039836884 -0.03595234081149101 0.08762010931968689 -0.09599481523036957 0.10520447045564651 -0.03305915743112564 0.026427313685417175 0.014239747077226639 -0.04713006317615509 -0.10497139394283295 -0.035772427916526794 0.13599184155464172 -0.21119004487991333 0.10391280055046082 0.1636413335800171 0.07705003023147583 0.10501214116811752 0.15256547927856445 0.07053902000188828 -0.03475914150476456 -0.05901384353637695 -0.257967084646225 -0.019085533916950226 0.055050335824489594 -0.027435794472694397 0.07597699761390686 -0.029906656593084335 Lily
-0.032517239451408386 0.016544390469789505 0.06514163315296173 -0.043330609798431396 -0.1380712389945984 -0.026815924793481827 -0.06671415269374847 -0.12483081221580505 0.09422627091407776 -0.15900659561157227 0.2101585865020752 -0.06674407422542572 -0.2100515365600586 -0.05076313391327858 -0.09513646364212036 0.20358321070671082 -0.1655644178390503 -0.1611546128988266 -0.06206259876489639 -0.03875520080327988 0.044458501040935516 0.05567559599876404 0.008945401757955551 0.011132225394248962 -0.11348332464694977 -0.33620864152908325 -0.08925303816795349 -0.014287136495113373 -0.06362225115299225 -0.05268855392932892 -0.05074397474527359 0.09510311484336853 -0.17101669311523438 -0.0018656998872756958 0.04770219326019287 0.11913461983203888 -0.011761223897337914 -0.10370364785194397 0.1598573625087738 0.01319609209895134 -0.23896540701389313 0.03075934201478958 0.0912131667137146 0.23193229734897614 0.20286159217357635 -0.039122045040130615 0.0063476115465164185 -0.11823336780071259 0.10550928860902786 -0.1906156986951828 0.0037283599376678467 0.13089439272880554 0.047677405178546906 0.027289122343063354 0.014439061284065247 -0.11066558957099915 0.0025788918137550354 0.13920582830905914 -0.04851044341921806 -0.009650617837905884 0.08322636038064957 -0.13931304216384888 -0.04784808307886124 -0.12379768490791321 0.14122989773750305 0.026044394820928574 -0.1040153056383133 -0.2194763571023941 0.06466250121593475 -0.17942936718463898 -0.11459287256002426 0.04682745039463043 -0.1430034190416336 -0.16764448583126068 -0.3336584270000458 -0.018427997827529907 0.3474487066268921 0.09497971087694168 -0.20638227462768555 0.07641133666038513 0.01851864904165268 0.027619998902082443 0.15313926339149475 0.17064042389392853 0.04281602054834366 0.056817665696144104 -0.15550655126571655 0.004074461758136749 0.2363947480916977 -0.08827220648527145 -0.03496900945901871 0.2132512480020523 -0.036391448229551315 0.06349235028028488 0.05662182345986366 0.03335957229137421 -0.07427796721458435 0.045452333986759186 -0.14582301676273346 0.010049685835838318 0.04793494939804077 -0.03826625645160675 -0.04478565603494644 0.08315196633338928 -0.10336613655090332 0.09538321942090988 -0.061182983219623566 0.04053204879164696 0.02981923148036003 -0.0763397291302681 -0.11131790280342102 -0.06126374751329422 0.15313763916492462 -0.20305106043815613 0.09833481162786484 0.17822889983654022 0.025624938309192657 0.13131597638130188 0.1665879189968109 0.09708397090435028 -0.043798334896564484 -0.0007012560963630676 -0.22634722292423248 -0.02302449569106102 0.05628000944852829 -0.020328573882579803 0.06423068791627884 -0.009318560361862183 Lily
-0.04754585772752762 0.012665558606386185 0.0671057179570198 -0.03947727382183075 -0.12224660068750381 -0.03506433591246605 -0.05248545482754707 -0.12064097821712494 0.08440078049898148 -0.142755389213562 0.2099745124578476 -0.08475082367658615 -0.218698650598526 -0.04256594926118851 -0.09725804626941681 0.19255807995796204 -0.1505032181739807 -0.14401209354400635 -0.07174935936927795 -0.054500676691532135 0.045117948204278946 0.038621608167886734 0.02060721069574356 -0.002366960048675537 -0.09706609696149826 -0.34617987275123596 -0.0945102795958519 -0.010887503623962402 -0.034069061279296875 -0.0529060922563076 -0.04484209418296814 0.08361651748418808 -0.15898507833480835 0.0063403695821762085 0.029445696622133255 0.1002771258354187 -0.02090674452483654 -0.11361166089773178 0.1750921905040741 -0.013513480313122272 -0.24051044881343842 0.029542401432991028 0.0990399718284607 0.23124480247497559 0.2043856382369995 -0.01571395993232727 0.013403728604316711 -0.12027685344219208 0.10261647403240204 -0.1638273000717163 0.014231748878955841 0.1311360001564026 0.03899270296096802 0.023063547909259796 0.009656444191932678 -0.09315598011016846 0.001561865210533142 0.1446000337600708 -0.059806399047374725 -0.01219252496957779 0.09227828681468964 -0.1254102736711502 -0.049369219690561295 -0.123372383415699 0.14151829481124878 0.030219972133636475 -0.10622016340494156 -0.2107229083776474 0.07202111929655075 -0.20212849974632263 -0.10356292873620987 0.034333668649196625 -0.13649310171604156 -0.17139679193496704 -0.3232780396938324 -0.008743256330490112 0.3313746452331543 0.0929824486374855 -0.18379905819892883 0.0862765982747078 0.0359392985701561 0.016320977360010147 0.17480714619159698 0.17823290824890137 0.014700863510370255 0.05407993495464325 -0.150508850812912 -0.012505082413554192 0.24493037164211273 -0.08340803533792496 -0.03910602256655693 0.20489910244941711 -0.027140535414218903 0.04353301599621773 0.052651405334472656 0.04112336039543152 -0.07957038283348083 0.047198325395584106 -0.14491745829582214 0.012966498732566833 0.0603642463684082 -0.04627951979637146 -0.045857809484004974 0.07114014029502869 -0.10672459006309509 0.10694651305675507 -0.057290952652692795 0.04949712008237839 0.03444254398345947 -0.08470924943685532 -0.10034236311912537 -0.062376488000154495 0.14740660786628723 -0.19531092047691345 0.08983097225427628 0.17952315509319305 0.042690426111221313 0.13207891583442688 0.17750120162963867 0.10043908655643463 -0.024644777178764343 0.012580513954162598 -0.2306767702102661 -0.021415218710899353 0.0639820396900177 -0.015568427741527557 0.07676313817501068 0.0034941844642162323 Lily
-0.02417973428964615 0.021416079252958298 0.02573247253894806 0.003288477659225464 -0.1447914093732834 0.0013388171792030334 -0.04038652032613754 -0.0804695338010788 0.11562991887331009 -0.14752058684825897 0.20276862382888794 -0.06021667271852493 -0.23485586047172546 -0.041545916348695755 -0.05208003520965576 0.1855219006538391 -0.17612209916114807 -0.0775315910577774 -0.05648745968937874 -0.03198156878352165 0.07354885339736938 0.010601811110973358 -0.00296986848115921 0.010709241032600403 -0.120505191385746 -0.3556429147720337 -0.06160183250904083 -0.06606867909431458 -0.009569980204105377 -0.08634974807500839 -0.06389385461807251 0.1287870854139328 -0.15691301226615906 0.0013237670063972473 -0.02156228944659233 0.05470992624759674 -0.03601384907960892 -0.08672751486301422 0.1419689804315567 -0.013111580163240433 -0.28873759508132935 -0.01612631231546402 0.06664030998945236 0.2171344757080078 0.16197824478149414 0.005878061056137085 0.0036995112895965576 -0.10770688205957413 0.11627627164125443 -0.162798210978508 0.0014683008193969727 0.1182304248213768 0.042359404265880585 0.04824334383010864 0.015317834913730621 -0.10259620100259781 0.010567918419837952 0.06007105112075806 -0.10792619735002518 -0.028593841940164566 0.07144921272993088 -0.11995857954025269 -0.03660699352622032 -0.12230838090181351 0.21628782153129578 0.058746375143527985 -0.07630576938390732 -0.17605477571487427 0.14147983491420746 -0.18471916019916534 -0.11781322956085205 0.05831144377589226 -0.1345076858997345 -0.18541055917739868 -0.33363866806030273 -0.008806213736534119 0.3145601749420166 0.123423270881176 -0.15173213183879852 0.0740702748298645 0.00301317498087883 -0.023829933255910873 0.18030673265457153 0.22879154980182648 0.04339277371764183 0.06798683851957321 -0.07407452166080475 0.03519531711935997 0.22939415276050568 -0.1250106245279312 -0.03730016201734543 0.21763573586940765 -0.0034667328000068665 0.0343702957034111 0.013957709074020386 0.009591177105903625 -0.07385098934173584 0.04776133596897125 -0.14362674951553345 -0.008392490446567535 0.12110273540019989 -0.019564665853977203 -0.01488080620765686 0.112080417573452 -0.10747157037258148 0.09755895286798477 -0.01782868057489395 0.039252396672964096 0.08813123404979706 -0.05748990178108215 -0.11077016592025757 -0.08555582165718079 0.12339624762535095 -0.21402111649513245 0.16032320261001587 0.1394820362329483 0.056886233389377594 0.09482935816049576 0.11605016142129898 0.09422525763511658 -0.018588699400424957 -0.05116651952266693 -0.2600768506526947 -0.008985884487628937 0.14071720838546753 -0.03485681861639023 0.03177203983068466 -0.02207747846841812 Lily
-0.10897333174943924 0.014232687652111053 0.061764128506183624 -0.027688339352607727 -0.13533557951450348 -0.042066194117069244 -0.060161128640174866 -0.10389555990695953 0.08862568438053131 -0.15821689367294312 0.2031286060810089 -0.0765334740281105 -0.18531541526317596 -0.07525897026062012 -0.07820933312177658 0.19074444472789764 -0.19423910975456238 -0.11943387240171432 -0.03360576182603836 -0.05539032816886902 0.0931730717420578 0.017550766468048096 -0.014714863151311874 0.01991112530231476 -0.11473025381565094 -0.34372445940971375 -0.08047924935817719 -0.037743985652923584 -0.006650594994425774 -0.05318060517311096 -0.03447824716567993 0.08257986605167389 -0.1625758558511734 -0.0015252232551574707 -0.0014689862728118896 0.09863931685686111 -0.02641492523252964 -0.0989503413438797 0.14596879482269287 -0.05356568843126297 -0.262708455324173 -0.0023536980152130127 0.11748553812503815 0.20531800389289856 0.15350717306137085 0.012869372963905334 0.022251300513744354 -0.13177326321601868 0.14630316197872162 -0.1692361831665039 0.009054996073246002 0.1381569802761078 0.015250816941261292 0.0407714769244194 0.0319322794675827 -0.11560839414596558 0.0029378309845924377 0.12505406141281128 -0.09401914477348328 0.006717119365930557 0.07083849608898163 -0.12183025479316711 -0.03694554418325424 -0.14184364676475525 0.16866011917591095 0.05743454769253731 -0.07371386885643005 -0.2367730438709259 0.15138480067253113 -0.18128468096256256 -0.11388712376356125 0.08810006082057953 -0.1267370581626892 -0.20077547430992126 -0.3259061574935913 0.014201819896697998 0.3196229338645935 0.138289213180542 -0.1035623773932457 0.10720553994178772 0.016214169561862946 -0.013528469949960709 0.1567312479019165 0.2092958390712738 0.041187942028045654 0.07009734213352203 -0.10562433302402496 0.024897556751966476 0.22668124735355377 -0.08224863559007645 -0.024552568793296814 0.2005874514579773 0.0031838268041610718 0.04250055551528931 0.010577097535133362 0.013820886611938477 -0.10260742157697678 0.07040973007678986 -0.15093693137168884 -0.007825292646884918 0.09704364091157913 -0.0012972727417945862 0.0026600807905197144 0.08948593586683273 -0.07966229319572449 0.09778308868408203 -0.05343981087207794 0.04083895683288574 0.011139005422592163 -0.0703781247138977 -0.09343577921390533 -0.043483927845954895 0.10525839030742645 -0.1974761039018631 0.15312719345092773 0.15004074573516846 0.0902005210518837 0.14149299263954163 0.16221964359283447 0.08940639346837997 0.00043579190969467163 -0.04780590534210205 -0.23857679963111877 0.000485789030790329 0.10589522868394852 -0.035779885947704315 0.05893509089946747 0.0036354735493659973 Lily
-0.09725895524024963 0.007155410945415497 0.06857046484947205 -0.02416548877954483 -0.1346403956413269 -0.036124277859926224 -0.06506576389074326 -0.10856852680444717 0.08990593254566193 -0.16658061742782593 0.20461267232894897 -0.07413426786661148 -0.18950942158699036 -0.07406780123710632 -0.08679081499576569 0.19613289833068848 -0.1795521378517151 -0.10476589947938919 -0.0288856104016304 -0.04228963702917099 0.07213140279054642 0.009642146527767181 -0.021687977015972137 0.020034223794937134 -0.11391943693161011 -0.334796667098999 -0.08535026013851166 -0.03581022471189499 -0.04738127812743187 -0.058443959802389145 -0.04671839624643326 0.08595596998929977 -0.15259110927581787 0.00042210519313812256 -0.007562778890132904 0.1023675724864006 -0.03697074577212334 -0.09224878251552582 0.13527022302150726 -0.038180649280548096 -0.2502686381340027 -0.007065281271934509 0.10086202621459961 0.20886266231536865 0.14983779191970825 0.02734321355819702 0.025579974055290222 -0.12739044427871704 0.13993316888809204 -0.17886784672737122 0.02360130473971367 0.13178160786628723 0.01595137268304825 0.03789176791906357 0.02556420862674713 -0.12532958388328552 0.004416041076183319 0.11081962287425995 -0.07262055575847626 0.003777865320444107 0.07401242107152939 -0.11428703367710114 -0.048243291676044464 -0.13016773760318756 0.1796966791152954 0.07648803293704987 -0.08227047324180603 -0.2183062881231308 0.15477293729782104 -0.17489972710609436 -0.12082026898860931 0.05768686532974243 -0.13472411036491394 -0.20623807609081268 -0.3246956169605255 0.017887532711029053 0.3276408314704895 0.1391887366771698 -0.12338060140609741 0.0886235311627388 0.01059039682149887 -0.0026513487100601196 0.16194985806941986 0.22124353051185608 0.05426602438092232 0.06028474122285843 -0.09701886028051376 0.01800980418920517 0.21755051612854004 -0.08961798995733261 -0.027966856956481934 0.194349467754364 0.0012626051902770996 0.04116753116250038 0.003738459199666977 0.0013726502656936646 -0.08769014477729797 0.08497261255979538 -0.1380441039800644 0.003019489347934723 0.11019125580787659 0.0025705620646476746 -0.002659618854522705 0.09643658250570297 -0.09017482399940491 0.11764109134674072 -0.045632679015398026 0.0435158833861351 0.03485555201768875 -0.06617701798677444 -0.10173549503087997 -0.04411441087722778 0.11333301663398743 -0.19630739092826843 0.15621136128902435 0.149449422955513 0.07998146116733551 0.14199711382389069 0.15891851484775543 0.10654598474502563 0.010906301438808441 -0.03842049092054367 -0.25039124488830566 -0.007924947887659073 0.09746435284614563 -0.037045300006866455 0.05030916631221771 0.009115006774663925 Lily
-0.037975311279296875 0.01803009957075119 0.05226364731788635 -0.047922275960445404 -0.137950599193573 -0.05297766625881195 -0.07340578734874725 -0.1057269498705864 0.10027211904525757 -0.1566569209098816 0.22653824090957642 -0.10934171080589294 -0.20811979472637177 -0.03716303035616875 -0.10013799369335175 0.21225658059120178 -0.18779611587524414 -0.14469213783740997 -0.06346220523118973 -0.03044666349887848 0.05381020903587341 0.017552826553583145 -0.012590322643518448 0.0295446515083313 -0.10401757061481476 -0.3400947153568268 -0.09065059572458267 -0.019810043275356293 -0.04034927487373352 -0.08360970765352249 -0.0330427885055542 0.0773073360323906 -0.13896167278289795 0.013039428740739822 0.04643182456493378 0.13910774886608124 -0.015030570328235626 -0.1319381594657898 0.1251983493566513 -0.026117833331227303 -0.2577754259109497 0.03025244176387787 0.08046317845582962 0.2189890593290329 0.20751957595348358 -0.0019363388419151306 0.0025254562497138977 -0.13025739789009094 0.12401749193668365 -0.19630911946296692 -0.03276204317808151 0.11589626967906952 0.02376725524663925 0.008853692561388016 0.02367740124464035 -0.10412522405385971 0.026201702654361725 0.14248885214328766 -0.08814489841461182 -0.04621076211333275 0.09157721698284149 -0.14302301406860352 -0.02964784950017929 -0.12407021224498749 0.14534634351730347 0.03903603181242943 -0.11272478848695755 -0.21376866102218628 0.08796864748001099 -0.2080887407064438 -0.1025475487112999 0.063688725233078 -0.12282014638185501 -0.17671020328998566 -0.34321948885917664 -0.03849762678146362 0.38698917627334595 0.1150011420249939 -0.1438644379377365 0.08700021356344223 0.030728600919246674 0.041170768439769745 0.14497056603431702 0.1651955395936966 0.015114318579435349 0.037981100380420685 -0.18304231762886047 0.00639507919549942 0.23356570303440094 -0.08912721276283264 -0.025914359837770462 0.16678451001644135 -0.051553405821323395 0.0664413571357727 0.026305899024009705 0.022266700863838196 -0.09694663435220718 0.053069643676280975 -0.11764760315418243 -0.0013426244258880615 0.05498034507036209 -0.016571640968322754 -0.03386931121349335 0.08514481782913208 -0.09119398891925812 0.08976807445287704 -0.06723710894584656 0.03522857651114464 0.020876597613096237 -0.06014341115951538 -0.08857038617134094 -0.03280630707740784 0.14331303536891937 -0.2233940064907074 0.0900980532169342 0.18222185969352722 0.0660514310002327 0.11870443820953369 0.1587780863046646 0.07377038896083832 -0.04881366342306137 -0.022154785692691803 -0.24443013966083527 -0.02299226075410843 0.027683869004249573 -0.022828325629234314 0.08514416962862015 -0.023857761174440384 Lily
-0.04139578342437744 0.012609291821718216 0.07870357483625412 -0.04367478936910629 -0.11382366716861725 -0.026039969176054 -0.06897613406181335 -0.10524174571037292 0.09609995037317276 -0.1776684671640396 0.20299522578716278 -0.07109666615724564 -0.20453692972660065 -0.06153760850429535 -0.09079772979021072 0.1983124166727066 -0.16172954440116882 -0.15111759305000305 -0.05838368460536003 -0.03342343866825104 0.04671936854720116 0.03677801787853241 0.0023580938577651978 0.0034668445587158203 -0.09366083890199661 -0.3652726709842682 -0.09042017161846161 -0.02336730808019638 -0.041306011378765106 -0.04913054034113884 -0.057551294565200806 0.08926485478878021 -0.1540500372648239 0.004945576190948486 0.029301293194293976 0.1086401641368866 -0.0032749101519584656 -0.09382253885269165 0.15205121040344238 0.019256586208939552 -0.24528977274894714 0.03878776729106903 0.060750484466552734 0.24005918204784393 0.21366694569587708 -0.02523556351661682 0.01650673896074295 -0.09440287947654724 0.11338797956705093 -0.18206444382667542 -0.009449325501918793 0.12486360967159271 0.049842581152915955 0.01914166286587715 0.021835986524820328 -0.09647313505411148 0.008893400430679321 0.11868058145046234 -0.06014358997344971 -0.0060168057680130005 0.08520807325839996 -0.14785556495189667 -0.044614437967538834 -0.10253563523292542 0.12892591953277588 0.015331823378801346 -0.10602651536464691 -0.21941274404525757 0.07049835473299026 -0.19144678115844727 -0.0870487242937088 0.03932154178619385 -0.1402478665113449 -0.16306033730506897 -0.3070535659790039 -0.0017068609595298767 0.35095834732055664 0.11303531378507614 -0.18693628907203674 0.0883507952094078 0.02080524154007435 0.016855396330356598 0.1619308888912201 0.18122023344039917 0.03855404257774353 0.05880313739180565 -0.13975170254707336 -0.006126077845692635 0.21988582611083984 -0.07383973151445389 -0.03515736758708954 0.20200993120670319 -0.04769212007522583 0.06142842024564743 0.04646703600883484 0.01433543860912323 -0.07756693661212921 0.0554487481713295 -0.1310768723487854 0.011077702045440674 0.045903146266937256 -0.05161021649837494 -0.04154256731271744 0.06030956655740738 -0.10831782221794128 0.11287042498588562 -0.07216785848140717 0.05430192872881889 0.03379958122968674 -0.06302580237388611 -0.11085643619298935 -0.04129675775766373 0.14509333670139313 -0.19949497282505035 0.09474678337574005 0.19638530910015106 0.051104940474033356 0.12867772579193115 0.1773758828639984 0.07768172770738602 -0.022151701152324677 0.0052332282066345215 -0.22772157192230225 -0.03608814626932144 0.049151480197906494 -0.023274526000022888 0.06956862658262253 -0.019245106726884842 Lily
